datetime,open,high,low,close,volume,money,open_interest
2025-02-19 09:15:00,11420.0,11420.0,11420.0,11420.0,1,57100.0,1.0
2025-02-19 09:55:00,11525.0,11525.0,11525.0,11525.0,6,345750.0,6.0
2025-02-19 14:40:00,11480.0,11480.0,11480.0,11480.0,6,344400.0,3.0
2025-02-20 09:00:00,11460.0,11460.0,11460.0,11460.0,1,57300.0,4.0
2025-02-20 14:25:00,11435.0,11435.0,11435.0,11435.0,1,57175.0,5.0
2025-02-21 10:00:00,11420.0,11420.0,11420.0,11420.0,1,57100.0,6.0
2025-02-21 11:05:00,11395.0,11400.0,11395.0,11400.0,2,113975.0,6.0
2025-02-21 11:25:00,11400.0,11400.0,11400.0,11400.0,1,57000.0,7.0
2025-02-21 13:30:00,11380.0,11380.0,11380.0,11380.0,1,56900.0,7.0
2025-02-21 14:00:00,11330.0,11330.0,11315.0,11315.0,5,283050.0,10.0
2025-02-21 14:05:00,11320.0,11320.0,11320.0,11320.0,2,113200.0,12.0
2025-02-21 14:40:00,11330.0,11330.0,11330.0,11330.0,1,56650.0,13.0
2025-02-21 14:45:00,11340.0,11340.0,11340.0,11340.0,1,56700.0,13.0
2025-02-24 09:00:00,11080.0,11340.0,11080.0,11260.0,4,225100.0,12.0
2025-02-24 09:10:00,11260.0,11260.0,11260.0,11260.0,1,56300.0,13.0
2025-02-24 09:50:00,11250.0,11250.0,11250.0,11250.0,1,56250.0,13.0
2025-02-24 10:10:00,11230.0,11230.0,11230.0,11230.0,2,112300.0,13.0
2025-02-24 13:30:00,11255.0,11255.0,11255.0,11255.0,2,112550.0,11.0
2025-02-24 13:45:00,11275.0,11275.0,11275.0,11275.0,1,56375.0,12.0
2025-02-24 13:55:00,11335.0,11335.0,11335.0,11335.0,1,56675.0,12.0
2025-02-24 14:55:00,11230.0,11230.0,11230.0,11230.0,2,112300.0,14.0
2025-02-25 09:00:00,11400.0,11670.0,11400.0,11400.0,6,344700.0,11.0
2025-02-25 09:05:00,11310.0,11310.0,11310.0,11310.0,1,56550.0,10.0
2025-02-25 09:15:00,11315.0,11315.0,11315.0,11315.0,2,113150.0,12.0
2025-02-26 09:50:00,11215.0,11215.0,11215.0,11215.0,1,56075.0,12.0
2025-02-26 10:35:00,11255.0,11255.0,11255.0,11255.0,1,56275.0,12.0
2025-02-26 13:45:00,11245.0,11245.0,11245.0,11245.0,1,56225.0,12.0
2025-02-26 14:50:00,11170.0,11170.0,11170.0,11170.0,1,55850.0,12.0
2025-02-26 14:55:00,11200.0,11200.0,11200.0,11200.0,1,56000.0,12.0
2025-02-27 09:00:00,11235.0,11235.0,11235.0,11235.0,1,56175.0,12.0
2025-02-27 09:20:00,11175.0,11175.0,11175.0,11175.0,1,55875.0,12.0
2025-02-27 09:40:00,11185.0,11185.0,11185.0,11185.0,1,55925.0,12.0
2025-02-27 13:35:00,11220.0,11220.0,11220.0,11220.0,1,56100.0,13.0
2025-02-27 14:15:00,11225.0,11225.0,11225.0,11225.0,1,56125.0,13.0
2025-03-03 10:10:00,11285.0,11285.0,11285.0,11285.0,1,56425.0,14.0
2025-03-03 13:50:00,11260.0,11260.0,11260.0,11260.0,1,56300.0,13.0
2025-03-04 09:20:00,11195.0,11195.0,11195.0,11195.0,2,111950.0,11.0
2025-03-04 13:55:00,11230.0,11230.0,11230.0,11230.0,1,56150.0,12.0
2025-03-04 14:50:00,11205.0,11205.0,11205.0,11205.0,1,56025.0,11.0
2025-03-05 11:00:00,11205.0,11205.0,11205.0,11205.0,2,112050.0,11.0
2025-03-05 13:40:00,11045.0,11055.0,11045.0,11055.0,2,110500.0,13.0
2025-03-05 14:10:00,11070.0,11070.0,11070.0,11070.0,2,110700.0,13.0
2025-03-06 09:20:00,11025.0,11025.0,11025.0,11025.0,1,55125.0,14.0
2025-03-06 09:50:00,11050.0,11050.0,11050.0,11050.0,1,55250.0,14.0
2025-03-06 10:10:00,11050.0,11050.0,11050.0,11050.0,1,55250.0,15.0
2025-03-06 14:10:00,11005.0,11005.0,11005.0,11005.0,1,55025.0,14.0
2025-03-07 09:05:00,11065.0,11065.0,11065.0,11065.0,1,55325.0,15.0
2025-03-07 11:10:00,11050.0,11050.0,11050.0,11050.0,2,110500.0,17.0
2025-03-07 11:20:00,11060.0,11060.0,11060.0,11060.0,2,110600.0,18.0
2025-03-07 14:35:00,11005.0,11005.0,11005.0,11005.0,1,55025.0,19.0
2025-03-07 14:40:00,11020.0,11020.0,11020.0,11020.0,1,55100.0,19.0
2025-03-10 09:10:00,10970.0,10970.0,10970.0,10970.0,2,109700.0,21.0
2025-03-10 09:15:00,10945.0,10945.0,10945.0,10945.0,1,54725.0,21.0
2025-03-10 09:20:00,10965.0,10965.0,10965.0,10965.0,1,54825.0,22.0
2025-03-10 10:30:00,10940.0,10940.0,10940.0,10940.0,1,54700.0,23.0
2025-03-10 10:35:00,10930.0,10930.0,10930.0,10930.0,1,54650.0,23.0
2025-03-10 10:45:00,10920.0,10920.0,10920.0,10920.0,1,54600.0,24.0
2025-03-10 10:50:00,10915.0,10915.0,10915.0,10915.0,1,54575.0,23.0
2025-03-12 10:05:00,10740.0,10745.0,10740.0,10745.0,2,107425.0,24.0
2025-03-12 10:10:00,10750.0,10750.0,10750.0,10750.0,2,107500.0,24.0
2025-03-12 11:05:00,10715.0,10715.0,10715.0,10715.0,1,53575.0,25.0
2025-03-12 13:30:00,10735.0,10735.0,10735.0,10735.0,1,53675.0,24.0
2025-03-12 13:55:00,10710.0,10710.0,10710.0,10710.0,1,53550.0,23.0
2025-03-12 14:25:00,10680.0,10680.0,10680.0,10680.0,1,53400.0,23.0
2025-03-12 14:30:00,10645.0,10645.0,10645.0,10645.0,1,53225.0,24.0
2025-03-12 14:40:00,10685.0,10685.0,10685.0,10685.0,1,53425.0,25.0
2025-03-12 14:45:00,10735.0,10735.0,10735.0,10735.0,2,107350.0,25.0
2025-03-12 14:55:00,10745.0,10760.0,10745.0,10760.0,2,107525.0,26.0
2025-03-13 13:55:00,10770.0,10780.0,10765.0,10775.0,10,538750.0,36.0
2025-03-14 11:05:00,10755.0,10755.0,10750.0,10750.0,2,107525.0,36.0
2025-03-14 14:55:00,10740.0,10740.0,10740.0,10740.0,1,53700.0,35.0
2025-03-17 09:00:00,10760.0,10760.0,10760.0,10760.0,1,53800.0,34.0
2025-03-17 10:05:00,10730.0,10730.0,10730.0,10730.0,1,53650.0,35.0
2025-03-17 11:15:00,10720.0,10720.0,10720.0,10720.0,1,53600.0,35.0
2025-03-17 14:50:00,10715.0,10715.0,10715.0,10715.0,1,53575.0,36.0
2025-03-18 09:30:00,10740.0,10740.0,10740.0,10740.0,1,53700.0,36.0
2025-03-18 14:30:00,10715.0,10715.0,10715.0,10715.0,1,53575.0,36.0
2025-03-19 09:15:00,10655.0,10655.0,10655.0,10655.0,1,53275.0,36.0
2025-03-19 09:20:00,10625.0,10625.0,10625.0,10625.0,2,106250.0,37.0
2025-03-19 09:30:00,10580.0,10580.0,10580.0,10580.0,1,52900.0,37.0
2025-03-19 09:55:00,10585.0,10585.0,10585.0,10585.0,1,52925.0,37.0
2025-03-19 11:20:00,10625.0,10625.0,10625.0,10625.0,1,53125.0,37.0
2025-03-20 09:00:00,10560.0,10560.0,10560.0,10560.0,1,52800.0,38.0
2025-03-20 09:25:00,10615.0,10685.0,10615.0,10685.0,19,1011725.0,30.0
2025-03-20 10:45:00,10620.0,10620.0,10620.0,10620.0,1,53100.0,30.0
2025-03-20 11:15:00,10615.0,10615.0,10615.0,10615.0,1,53075.0,30.0
2025-03-20 13:30:00,10620.0,10620.0,10620.0,10620.0,1,53100.0,30.0
2025-03-20 14:35:00,10615.0,10615.0,10610.0,10610.0,5,265350.0,32.0
2025-03-21 09:05:00,10585.0,10585.0,10585.0,10585.0,1,52925.0,33.0
2025-03-21 09:30:00,10580.0,10580.0,10580.0,10580.0,1,52900.0,33.0
2025-03-21 09:50:00,10540.0,10550.0,10540.0,10545.0,3,158175.0,36.0
2025-03-21 10:50:00,10520.0,10550.0,10520.0,10550.0,2,105350.0,36.0
2025-03-21 13:30:00,10545.0,10545.0,10545.0,10545.0,1,52725.0,35.0
2025-03-21 13:35:00,10660.0,10660.0,10660.0,10660.0,2,106600.0,35.0
2025-03-21 13:40:00,10665.0,10695.0,10665.0,10695.0,2,106800.0,34.0
2025-03-21 13:45:00,10670.0,10685.0,10670.0,10685.0,2,106775.0,36.0
2025-03-21 13:50:00,10660.0,10660.0,10660.0,10660.0,1,53300.0,37.0
2025-03-21 14:25:00,10655.0,10655.0,10655.0,10655.0,1,53275.0,37.0
2025-03-21 14:50:00,10600.0,10600.0,10600.0,10600.0,1,53000.0,37.0
2025-03-24 09:00:00,10615.0,10630.0,10615.0,10630.0,2,106225.0,38.0
2025-03-24 09:35:00,10610.0,10610.0,10610.0,10610.0,1,53050.0,39.0
2025-03-24 09:40:00,10610.0,10610.0,10610.0,10610.0,1,53050.0,39.0
2025-03-24 10:05:00,10700.0,10700.0,10700.0,10700.0,1,53500.0,39.0
2025-03-24 10:10:00,10665.0,10665.0,10665.0,10665.0,1,53325.0,39.0
2025-03-24 10:55:00,10665.0,10665.0,10665.0,10665.0,1,53325.0,38.0
2025-03-24 11:10:00,10660.0,10660.0,10660.0,10660.0,1,53300.0,37.0
2025-03-24 14:30:00,10700.0,10700.0,10700.0,10700.0,1,53500.0,37.0
2025-03-24 14:55:00,10720.0,10720.0,10720.0,10720.0,1,53600.0,37.0
2025-03-25 09:30:00,10710.0,10710.0,10710.0,10710.0,1,53550.0,37.0
2025-03-25 10:55:00,10725.0,10725.0,10725.0,10725.0,1,53625.0,37.0
2025-03-25 11:00:00,10735.0,10735.0,10735.0,10735.0,1,53675.0,38.0
2025-03-25 11:05:00,10730.0,10730.0,10730.0,10730.0,1,53650.0,39.0
2025-03-25 11:25:00,10720.0,10720.0,10720.0,10720.0,1,53600.0,40.0
2025-03-25 14:00:00,10765.0,10765.0,10765.0,10765.0,1,53825.0,40.0
2025-03-25 14:50:00,10765.0,10770.0,10765.0,10770.0,2,107675.0,42.0
2025-03-26 09:30:00,10670.0,10670.0,10670.0,10670.0,1,53350.0,42.0
2025-03-26 11:25:00,10625.0,10625.0,10625.0,10625.0,1,53125.0,43.0
2025-03-26 13:30:00,10625.0,10625.0,10625.0,10625.0,1,53125.0,44.0
2025-03-26 14:25:00,10630.0,10630.0,10630.0,10630.0,1,53150.0,45.0
2025-03-26 14:30:00,10625.0,10625.0,10590.0,10610.0,3,159125.0,46.0
2025-03-27 09:50:00,10580.0,10580.0,10575.0,10575.0,2,105775.0,45.0
2025-03-28 09:05:00,10725.0,10725.0,10705.0,10705.0,2,107150.0,45.0
2025-03-28 09:10:00,10705.0,10705.0,10705.0,10705.0,1,53525.0,45.0
2025-03-28 09:30:00,10700.0,10700.0,10700.0,10700.0,1,53500.0,45.0
2025-03-28 10:30:00,10700.0,10700.0,10700.0,10700.0,1,53500.0,45.0
2025-03-28 10:35:00,10690.0,10690.0,10690.0,10690.0,1,53450.0,45.0
2025-03-28 11:25:00,10660.0,10660.0,10660.0,10660.0,1,53300.0,45.0
2025-03-28 14:50:00,10660.0,10660.0,10660.0,10660.0,1,53300.0,44.0
2025-03-31 09:25:00,10645.0,10645.0,10645.0,10645.0,2,106450.0,45.0
2025-03-31 14:55:00,10545.0,10570.0,10545.0,10570.0,3,158425.0,43.0
2025-04-01 10:45:00,10595.0,10595.0,10595.0,10595.0,1,52975.0,43.0
2025-04-01 11:00:00,10605.0,10605.0,10605.0,10605.0,1,53025.0,43.0
2025-04-01 13:40:00,10560.0,10560.0,10560.0,10560.0,2,105600.0,45.0
2025-04-02 14:05:00,10525.0,10525.0,10525.0,10525.0,1,52625.0,45.0
2025-04-03 09:50:00,10580.0,10580.0,10580.0,10580.0,1,52900.0,45.0
2025-04-03 14:20:00,10565.0,10565.0,10565.0,10565.0,1,52825.0,45.0
2025-04-07 09:35:00,10260.0,10310.0,10260.0,10310.0,2,102850.0,45.0
2025-04-07 13:45:00,10360.0,10360.0,10360.0,10360.0,1,51800.0,45.0
2025-04-07 13:50:00,10320.0,10320.0,10320.0,10320.0,2,103200.0,47.0
2025-04-08 10:05:00,10305.0,10305.0,10305.0,10305.0,1,51525.0,47.0
2025-04-08 10:40:00,10275.0,10275.0,10265.0,10265.0,5,256725.0,52.0
2025-04-08 10:55:00,10245.0,10290.0,10245.0,10290.0,3,154025.0,51.0
2025-04-08 11:10:00,10275.0,10275.0,10275.0,10275.0,1,51375.0,51.0
2025-04-08 14:50:00,10295.0,10295.0,10295.0,10295.0,1,51475.0,52.0
2025-04-09 09:00:00,10175.0,10175.0,10175.0,10175.0,1,50875.0,52.0
2025-04-09 09:15:00,10185.0,10185.0,10180.0,10180.0,5,254550.0,52.0
2025-04-09 09:20:00,10150.0,10150.0,10150.0,10150.0,1,50750.0,52.0
2025-04-09 09:25:00,10110.0,10110.0,10105.0,10105.0,4,202150.0,52.0
2025-04-09 09:50:00,10135.0,10135.0,10135.0,10135.0,1,50675.0,52.0
2025-04-09 10:40:00,10165.0,10165.0,10165.0,10165.0,1,50825.0,52.0
2025-04-09 10:45:00,10205.0,10205.0,10205.0,10205.0,1,51025.0,52.0
2025-04-09 10:50:00,10210.0,10210.0,10210.0,10210.0,1,51050.0,52.0
2025-04-09 11:00:00,10230.0,10230.0,10230.0,10230.0,2,102300.0,54.0
2025-04-09 11:20:00,10195.0,10195.0,10195.0,10195.0,1,50975.0,54.0
2025-04-09 11:25:00,10200.0,10200.0,10200.0,10200.0,1,51000.0,55.0
2025-04-09 13:55:00,10245.0,10245.0,10245.0,10245.0,1,51225.0,55.0
2025-04-09 14:10:00,10260.0,10260.0,10260.0,10260.0,2,102600.0,55.0
2025-04-09 14:40:00,10260.0,10260.0,10260.0,10260.0,1,51300.0,55.0
2025-04-10 11:20:00,10340.0,10340.0,10340.0,10340.0,1,51700.0,55.0
2025-04-10 13:40:00,10330.0,10330.0,10330.0,10330.0,1,51650.0,55.0
2025-04-11 14:10:00,10330.0,10335.0,10270.0,10270.0,3,154675.0,58.0
2025-04-14 09:00:00,10290.0,10290.0,10290.0,10290.0,1,51450.0,57.0
2025-04-14 09:25:00,10270.0,10270.0,10270.0,10270.0,2,102700.0,57.0
2025-04-14 09:35:00,10270.0,10270.0,10270.0,10270.0,1,51350.0,57.0
2025-04-14 09:50:00,10280.0,10280.0,10280.0,10280.0,1,51400.0,57.0
2025-04-14 10:00:00,10270.0,10270.0,10270.0,10270.0,1,51350.0,57.0
2025-04-14 10:30:00,10255.0,10255.0,10255.0,10255.0,1,51275.0,57.0
2025-04-14 10:40:00,10250.0,10250.0,10250.0,10250.0,3,153750.0,59.0
2025-04-14 10:50:00,10230.0,10230.0,10230.0,10230.0,3,153450.0,59.0
2025-04-14 10:55:00,10240.0,10240.0,10240.0,10240.0,1,51200.0,60.0
2025-04-14 11:05:00,10210.0,10210.0,10210.0,10210.0,2,102100.0,62.0
2025-04-14 11:25:00,10225.0,10225.0,10225.0,10225.0,1,51125.0,62.0
2025-04-14 14:10:00,10175.0,10175.0,10175.0,10175.0,1,50875.0,62.0
2025-04-14 14:15:00,10170.0,10175.0,10170.0,10175.0,3,152575.0,65.0
2025-04-14 14:20:00,10185.0,10185.0,10185.0,10185.0,1,50925.0,65.0
2025-04-14 14:55:00,10170.0,10170.0,10155.0,10155.0,2,101625.0,65.0
2025-04-15 09:00:00,10095.0,10125.0,10095.0,10125.0,2,101100.0,66.0
2025-04-15 09:05:00,10105.0,10105.0,10105.0,10105.0,1,50525.0,67.0
2025-04-15 09:15:00,10085.0,10105.0,10085.0,10105.0,2,100950.0,67.0
2025-04-15 09:20:00,10105.0,10105.0,10105.0,10105.0,1,50525.0,67.0
2025-04-15 09:25:00,10100.0,10100.0,10100.0,10100.0,2,101000.0,69.0
2025-04-15 09:30:00,10100.0,10100.0,10100.0,10100.0,1,50500.0,70.0
2025-04-15 09:45:00,10070.0,10070.0,10070.0,10070.0,1,50350.0,71.0
2025-04-15 09:50:00,10090.0,10090.0,10055.0,10055.0,2,100725.0,71.0
2025-04-15 10:35:00,10030.0,10030.0,10030.0,10030.0,1,50150.0,71.0
2025-04-15 10:45:00,10030.0,10030.0,10030.0,10030.0,1,50150.0,72.0
2025-04-15 10:55:00,10030.0,10030.0,10030.0,10030.0,1,50150.0,72.0
2025-04-15 14:20:00,10010.0,10010.0,10010.0,10010.0,1,50050.0,72.0
2025-04-15 14:30:00,10040.0,10040.0,10040.0,10040.0,1,50200.0,72.0
2025-04-16 09:25:00,9960.0,9980.0,9960.0,9980.0,3,149575.0,75.0
2025-04-16 09:40:00,9935.0,9945.0,9935.0,9945.0,2,99400.0,76.0
2025-04-16 10:05:00,9935.0,9935.0,9935.0,9935.0,1,49675.0,77.0
2025-04-16 11:00:00,9955.0,9955.0,9955.0,9955.0,1,49775.0,77.0
2025-04-16 11:10:00,9920.0,9920.0,9920.0,9920.0,1,49600.0,78.0
2025-04-16 11:15:00,9925.0,9925.0,9925.0,9925.0,1,49625.0,78.0
2025-04-16 11:25:00,9900.0,9900.0,9900.0,9900.0,1,49500.0,79.0
2025-04-16 13:30:00,9895.0,9895.0,9895.0,9895.0,1,49475.0,80.0
2025-04-16 13:55:00,9895.0,9895.0,9895.0,9895.0,1,49475.0,80.0
2025-04-16 14:50:00,9865.0,9865.0,9865.0,9865.0,1,49325.0,80.0
2025-04-16 14:55:00,9850.0,9850.0,9850.0,9850.0,2,98500.0,81.0
2025-04-17 09:00:00,9860.0,9860.0,9860.0,9860.0,1,49300.0,82.0
2025-04-17 09:25:00,9850.0,9850.0,9810.0,9810.0,2,98300.0,84.0
2025-04-17 09:45:00,9880.0,9880.0,9880.0,9880.0,2,98800.0,85.0
2025-04-17 11:05:00,9875.0,9875.0,9875.0,9875.0,1,49375.0,85.0
2025-04-17 13:30:00,9895.0,9895.0,9865.0,9895.0,4,197750.0,85.0
2025-04-17 14:35:00,9840.0,9840.0,9840.0,9840.0,1,49200.0,86.0
2025-04-17 14:40:00,9830.0,9830.0,9830.0,9830.0,1,49150.0,85.0
2025-04-18 09:00:00,9785.0,9785.0,9785.0,9785.0,1,48925.0,86.0
2025-04-18 09:05:00,9750.0,9750.0,9750.0,9750.0,1,48750.0,86.0
2025-04-18 09:10:00,9710.0,9710.0,9710.0,9710.0,1,48550.0,86.0
2025-04-18 09:35:00,9700.0,9700.0,9700.0,9700.0,1,48500.0,87.0
2025-04-18 09:50:00,9685.0,9685.0,9685.0,9685.0,1,48425.0,88.0
2025-04-18 10:05:00,9660.0,9660.0,9660.0,9660.0,1,48300.0,87.0
2025-04-18 10:55:00,9660.0,9660.0,9660.0,9660.0,1,48300.0,87.0
2025-04-18 11:00:00,9635.0,9635.0,9635.0,9635.0,1,48175.0,87.0
2025-04-18 11:25:00,9615.0,9615.0,9615.0,9615.0,1,48075.0,88.0
2025-04-18 13:50:00,9595.0,9615.0,9595.0,9615.0,2,96050.0,89.0
2025-04-18 13:55:00,9640.0,9640.0,9640.0,9640.0,1,48200.0,88.0
2025-04-21 09:00:00,9625.0,9640.0,9625.0,9640.0,2,96325.0,89.0
2025-04-21 09:10:00,9525.0,9525.0,9525.0,9525.0,1,47625.0,90.0
2025-04-21 09:20:00,9525.0,9525.0,9525.0,9525.0,1,47625.0,91.0
2025-04-21 09:40:00,9505.0,9505.0,9505.0,9505.0,1,47525.0,91.0
2025-04-21 11:20:00,9540.0,9540.0,9540.0,9540.0,1,47700.0,92.0
2025-04-21 13:35:00,9565.0,9565.0,9565.0,9565.0,1,47825.0,93.0
2025-04-21 13:55:00,9555.0,9555.0,9555.0,9555.0,1,47775.0,92.0
2025-04-21 14:15:00,9650.0,9650.0,9650.0,9650.0,1,48250.0,92.0
2025-04-21 14:20:00,9670.0,9670.0,9665.0,9665.0,3,145025.0,94.0
2025-04-21 14:25:00,9650.0,9650.0,9650.0,9650.0,3,144750.0,93.0
2025-04-21 14:30:00,9645.0,9650.0,9645.0,9650.0,2,96475.0,93.0
2025-04-21 14:50:00,9650.0,9660.0,9650.0,9660.0,2,96550.0,91.0
2025-04-22 14:05:00,9525.0,9525.0,9525.0,9525.0,1,47625.0,90.0
2025-04-22 14:50:00,9615.0,9615.0,9615.0,9615.0,1,48075.0,89.0
2025-04-23 10:45:00,9655.0,9655.0,9655.0,9655.0,1,48275.0,90.0
2025-04-24 10:00:00,9655.0,9655.0,9655.0,9655.0,20,965500.0,110.0
2025-04-24 10:05:00,9655.0,9655.0,9655.0,9655.0,10,482750.0,120.0
2025-04-24 10:35:00,9655.0,9655.0,9655.0,9655.0,3,144825.0,123.0
2025-04-24 10:40:00,9655.0,9655.0,9655.0,9655.0,17,820675.0,140.0
2025-04-24 14:00:00,9615.0,9615.0,9615.0,9615.0,2,96150.0,140.0
2025-04-24 14:15:00,9620.0,9620.0,9620.0,9620.0,1,48100.0,139.0
2025-04-24 14:45:00,9650.0,9650.0,9650.0,9650.0,3,144750.0,139.0
2025-04-24 14:50:00,9650.0,9655.0,9650.0,9655.0,5,241325.0,139.0
2025-04-25 13:40:00,9645.0,9645.0,9645.0,9645.0,4,192900.0,139.0
2025-04-25 13:45:00,9645.0,9645.0,9645.0,9645.0,1,48225.0,138.0
2025-04-25 14:05:00,9625.0,9625.0,9625.0,9625.0,1,48125.0,138.0
2025-04-25 14:15:00,9620.0,9620.0,9620.0,9620.0,1,48100.0,138.0
2025-04-25 14:20:00,9615.0,9615.0,9615.0,9615.0,1,48075.0,138.0
2025-04-25 14:25:00,9600.0,9600.0,9600.0,9600.0,1,48000.0,138.0
2025-04-25 14:40:00,9560.0,9560.0,9560.0,9560.0,1,47800.0,138.0
2025-04-25 14:45:00,9550.0,9550.0,9540.0,9540.0,3,143200.0,138.0
2025-04-25 14:50:00,9540.0,9560.0,9535.0,9550.0,48,2290475.0,128.0
2025-04-28 09:00:00,9500.0,9500.0,9500.0,9500.0,1,47500.0,128.0
2025-04-28 09:05:00,9500.0,9535.0,9500.0,9535.0,2,95175.0,129.0
2025-04-28 09:15:00,9540.0,9585.0,9540.0,9585.0,5,239000.0,129.0
2025-04-28 09:25:00,9565.0,9565.0,9565.0,9565.0,1,47825.0,129.0
2025-04-28 10:05:00,9585.0,9585.0,9585.0,9585.0,2,95850.0,131.0
2025-04-28 13:35:00,9565.0,9565.0,9565.0,9565.0,1,47825.0,131.0
2025-04-28 14:55:00,9605.0,9605.0,9550.0,9550.0,3,143650.0,130.0
2025-04-29 09:15:00,9500.0,9500.0,9500.0,9500.0,1,47500.0,129.0
2025-04-29 09:35:00,9500.0,9500.0,9500.0,9500.0,3,142500.0,129.0
2025-04-29 10:30:00,9460.0,9465.0,9460.0,9465.0,2,94625.0,131.0
2025-04-29 13:40:00,9420.0,9420.0,9420.0,9420.0,1,47100.0,131.0
2025-04-29 13:50:00,9415.0,9415.0,9415.0,9415.0,1,47075.0,131.0
2025-04-29 14:50:00,9410.0,9410.0,9410.0,9410.0,1,47050.0,130.0
2025-04-30 11:10:00,9350.0,9350.0,9335.0,9335.0,6,280225.0,128.0
2025-04-30 11:15:00,9345.0,9345.0,9345.0,9345.0,1,46725.0,127.0
2025-04-30 13:35:00,9350.0,9350.0,9350.0,9350.0,3,140250.0,127.0
2025-04-30 13:40:00,9360.0,9360.0,9360.0,9360.0,1,46800.0,128.0
2025-04-30 13:50:00,9345.0,9345.0,9345.0,9345.0,2,93425.0,127.0
2025-04-30 14:15:00,9310.0,9310.0,9305.0,9305.0,3,139625.0,125.0
2025-04-30 14:20:00,9305.0,9305.0,9285.0,9285.0,3,139375.0,124.0
2025-04-30 14:25:00,9305.0,9305.0,9305.0,9305.0,1,46525.0,125.0
2025-04-30 14:40:00,9315.0,9315.0,9315.0,9315.0,1,46575.0,124.0
2025-04-30 14:50:00,9295.0,9295.0,9295.0,9295.0,2,92950.0,125.0
2025-05-06 09:05:00,9270.0,9270.0,9270.0,9270.0,1,46350.0,126.0
2025-05-06 09:10:00,9270.0,9270.0,9270.0,9270.0,2,92700.0,127.0
2025-05-06 09:20:00,9270.0,9270.0,9270.0,9270.0,1,46350.0,128.0
2025-05-06 09:25:00,9245.0,9245.0,9245.0,9245.0,1,46225.0,129.0
2025-05-06 09:30:00,9170.0,9170.0,9170.0,9170.0,2,91700.0,129.0
2025-05-06 10:30:00,9130.0,9155.0,9130.0,9155.0,2,91425.0,129.0
2025-05-06 10:50:00,9150.0,9155.0,9150.0,9155.0,3,137300.0,130.0
2025-05-06 11:10:00,9125.0,9125.0,9125.0,9125.0,1,45625.0,130.0
2025-05-06 11:20:00,9115.0,9120.0,9115.0,9120.0,3,136775.0,130.0
2025-05-06 11:25:00,9115.0,9115.0,9115.0,9115.0,3,136725.0,129.0
2025-05-06 13:30:00,9115.0,9115.0,9070.0,9070.0,3,136300.0,127.0
2025-05-06 13:40:00,9105.0,9105.0,9105.0,9105.0,4,182100.0,126.0
2025-05-06 14:10:00,9090.0,9095.0,9075.0,9085.0,8,363475.0,124.0
2025-05-06 14:15:00,9075.0,9075.0,9060.0,9060.0,3,135975.0,124.0
2025-05-06 14:25:00,9075.0,9075.0,9075.0,9075.0,1,45375.0,123.0
2025-05-07 09:30:00,9150.0,9150.0,9150.0,9150.0,1,45750.0,124.0
2025-05-07 10:45:00,9055.0,9055.0,9055.0,9055.0,2,90550.0,125.0
2025-05-07 10:50:00,9095.0,9105.0,9065.0,9095.0,6,272750.0,125.0
2025-05-07 11:25:00,9055.0,9055.0,9055.0,9055.0,1,45275.0,125.0
2025-05-07 14:15:00,9020.0,9020.0,9020.0,9020.0,1,45100.0,125.0
2025-05-07 14:20:00,9025.0,9025.0,9025.0,9025.0,1,45125.0,125.0
2025-05-08 09:00:00,8930.0,9000.0,8930.0,9000.0,4,179550.0,127.0
2025-05-08 09:05:00,8995.0,8995.0,8985.0,8985.0,2,89900.0,126.0
2025-05-08 09:10:00,8940.0,8940.0,8920.0,8925.0,5,223175.0,129.0
2025-05-08 09:15:00,8940.0,8960.0,8940.0,8960.0,4,179100.0,128.0
2025-05-08 09:50:00,8940.0,8940.0,8925.0,8925.0,3,133950.0,128.0
2025-05-08 10:10:00,8925.0,8925.0,8925.0,8925.0,1,44625.0,129.0
2025-05-08 10:30:00,8900.0,8920.0,8900.0,8920.0,3,133700.0,131.0
2025-05-08 10:50:00,8915.0,8915.0,8915.0,8915.0,1,44575.0,131.0
2025-05-08 10:55:00,8915.0,8915.0,8915.0,8915.0,1,44575.0,131.0
2025-05-08 11:10:00,8970.0,8975.0,8970.0,8975.0,2,89725.0,129.0
2025-05-08 11:15:00,8990.0,8990.0,8990.0,8990.0,1,44950.0,128.0
2025-05-08 11:20:00,9000.0,9000.0,9000.0,9000.0,1,45000.0,129.0
2025-05-08 13:50:00,9020.0,9020.0,9020.0,9020.0,1,45100.0,130.0
2025-05-08 14:55:00,9050.0,9050.0,9010.0,9010.0,4,180600.0,130.0
2025-05-09 09:15:00,9055.0,9055.0,9055.0,9055.0,1,45275.0,130.0
2025-05-09 11:15:00,8990.0,8990.0,8990.0,8990.0,1,44950.0,130.0
2025-05-09 11:20:00,8990.0,8990.0,8990.0,8990.0,1,44950.0,131.0
2025-05-09 14:05:00,8985.0,8985.0,8985.0,8985.0,1,44925.0,131.0
2025-05-09 14:35:00,8985.0,8985.0,8955.0,8955.0,2,89700.0,130.0
2025-05-12 09:00:00,9035.0,9035.0,8980.0,9010.0,3,135125.0,131.0
2025-05-12 09:30:00,8940.0,8940.0,8940.0,8940.0,1,44700.0,131.0
2025-05-12 10:10:00,8965.0,8970.0,8965.0,8970.0,2,89675.0,131.0
2025-05-12 10:30:00,9000.0,9000.0,9000.0,9000.0,1,45000.0,131.0
2025-05-12 10:55:00,9010.0,9015.0,9010.0,9015.0,2,90125.0,133.0
2025-05-12 13:45:00,9050.0,9050.0,9050.0,9050.0,1,45250.0,133.0
2025-05-12 13:55:00,9055.0,9055.0,9055.0,9055.0,2,90550.0,133.0
2025-05-12 14:10:00,9035.0,9035.0,9035.0,9035.0,1,45175.0,133.0
2025-05-12 14:25:00,9045.0,9045.0,9040.0,9045.0,4,180875.0,134.0
2025-05-12 14:40:00,9030.0,9030.0,9025.0,9025.0,2,90275.0,134.0
2025-05-12 14:55:00,9025.0,9025.0,9025.0,9025.0,1,45125.0,134.0
2025-05-13 09:05:00,9015.0,9035.0,9015.0,9015.0,4,180400.0,138.0
2025-05-13 09:45:00,9070.0,9125.0,9070.0,9115.0,8,364175.0,136.0
2025-05-13 11:20:00,9000.0,9000.0,9000.0,9000.0,1,45000.0,136.0
2025-05-13 11:25:00,9020.0,9020.0,9020.0,9020.0,1,45100.0,136.0
2025-05-13 13:30:00,9040.0,9095.0,8980.0,9085.0,6,271275.0,137.0
2025-05-13 13:45:00,8995.0,8995.0,8995.0,8995.0,1,44975.0,137.0
2025-05-13 13:50:00,9065.0,9065.0,9065.0,9065.0,1,45325.0,138.0
2025-05-13 14:00:00,9045.0,9045.0,9045.0,9045.0,1,45225.0,138.0
2025-05-13 14:15:00,9010.0,9010.0,9010.0,9010.0,1,45050.0,138.0
2025-05-13 14:55:00,9010.0,9010.0,9010.0,9010.0,1,45050.0,138.0
2025-05-14 09:10:00,9075.0,9075.0,9075.0,9075.0,1,45375.0,137.0
2025-05-14 09:20:00,9125.0,9125.0,9125.0,9125.0,1,45625.0,136.0
2025-05-14 09:40:00,9140.0,9140.0,9140.0,9140.0,1,45700.0,137.0
2025-05-14 10:05:00,9130.0,9130.0,9130.0,9130.0,1,45650.0,138.0
2025-05-14 10:50:00,9060.0,9060.0,9060.0,9060.0,1,45300.0,137.0
2025-05-14 11:00:00,9120.0,9120.0,9120.0,9120.0,2,91200.0,137.0
2025-05-14 11:10:00,9160.0,9160.0,9160.0,9160.0,1,45800.0,137.0
2025-05-14 14:25:00,9230.0,9250.0,9230.0,9250.0,7,323250.0,136.0
2025-05-14 14:45:00,9270.0,9270.0,9270.0,9270.0,2,92700.0,138.0
2025-05-14 14:55:00,9255.0,9270.0,9255.0,9270.0,2,92625.0,138.0
2025-05-15 09:00:00,9240.0,9240.0,9220.0,9220.0,2,92300.0,138.0
2025-05-15 09:40:00,9245.0,9245.0,9245.0,9245.0,1,46225.0,139.0
2025-05-15 09:55:00,9300.0,9300.0,9300.0,9300.0,2,93000.0,140.0
2025-05-15 10:00:00,9275.0,9275.0,9275.0,9275.0,1,46375.0,139.0
2025-05-15 10:05:00,9275.0,9275.0,9275.0,9275.0,2,92750.0,139.0
2025-05-15 14:15:00,9150.0,9150.0,9150.0,9150.0,1,45750.0,138.0
2025-05-15 14:35:00,9150.0,9150.0,9150.0,9150.0,1,45750.0,138.0
2025-05-16 09:05:00,9095.0,9110.0,9095.0,9110.0,3,136550.0,137.0
2025-05-16 09:15:00,9110.0,9110.0,9110.0,9110.0,1,45550.0,136.0
2025-05-16 10:35:00,9000.0,9000.0,9000.0,9000.0,1,45000.0,136.0
2025-05-16 10:55:00,9000.0,9000.0,9000.0,9000.0,1,45000.0,137.0
2025-05-16 11:00:00,9000.0,9000.0,9000.0,9000.0,2,90000.0,139.0
2025-05-16 14:55:00,8950.0,8970.0,8940.0,8970.0,6,268700.0,138.0
2025-05-19 09:00:00,8970.0,8970.0,8970.0,8970.0,2,89700.0,139.0
2025-05-19 09:05:00,8930.0,8950.0,8925.0,8925.0,9,402100.0,145.0
2025-05-19 09:10:00,8935.0,8935.0,8935.0,8935.0,1,44675.0,145.0
2025-05-19 09:15:00,8925.0,8930.0,8910.0,8930.0,5,223050.0,144.0
2025-05-19 09:20:00,8885.0,8900.0,8885.0,8900.0,2,88925.0,144.0
2025-05-19 09:30:00,8900.0,8915.0,8895.0,8915.0,3,133550.0,146.0
2025-05-19 09:35:00,8900.0,8920.0,8895.0,8920.0,10,445200.0,154.0
2025-05-19 09:45:00,8880.0,8880.0,8880.0,8880.0,1,44400.0,153.0
2025-05-19 09:50:00,8875.0,8875.0,8875.0,8875.0,1,44375.0,153.0
2025-05-19 10:00:00,8915.0,8915.0,8915.0,8915.0,1,44575.0,153.0
2025-05-19 10:05:00,8930.0,8965.0,8930.0,8950.0,8,357900.0,155.0
2025-05-19 10:10:00,8945.0,8945.0,8930.0,8930.0,2,89375.0,157.0
2025-05-19 10:35:00,8950.0,8950.0,8950.0,8950.0,1,44750.0,158.0
2025-05-19 14:30:00,8860.0,8860.0,8860.0,8860.0,2,88600.0,157.0
2025-05-19 14:55:00,8925.0,8925.0,8925.0,8925.0,2,89225.0,157.0
2025-05-20 09:00:00,8885.0,8885.0,8830.0,8830.0,5,221775.0,159.0
2025-05-20 09:15:00,8845.0,8875.0,8845.0,8875.0,2,88600.0,159.0
2025-05-20 09:25:00,8835.0,8835.0,8835.0,8835.0,2,88350.0,161.0
2025-05-20 09:35:00,8885.0,8885.0,8885.0,8885.0,1,44425.0,162.0
2025-05-20 09:40:00,8860.0,8860.0,8860.0,8860.0,1,44300.0,161.0
2025-05-20 09:45:00,8830.0,8830.0,8830.0,8830.0,1,44150.0,161.0
2025-05-20 09:55:00,8840.0,8845.0,8830.0,8830.0,6,265150.0,167.0
2025-05-20 11:00:00,8785.0,8785.0,8785.0,8785.0,1,43925.0,167.0
2025-05-20 11:05:00,8770.0,8770.0,8765.0,8765.0,2,87675.0,165.0
2025-05-20 13:45:00,8730.0,8770.0,8730.0,8770.0,7,306475.0,170.0
2025-05-20 14:10:00,8755.0,8755.0,8755.0,8755.0,1,43775.0,170.0
2025-05-20 14:15:00,8700.0,8700.0,8700.0,8700.0,6,261000.0,168.0
2025-05-20 14:30:00,8725.0,8735.0,8725.0,8735.0,3,130925.0,168.0
2025-05-20 14:35:00,8735.0,8735.0,8735.0,8735.0,2,87350.0,167.0
2025-05-21 09:05:00,8695.0,8695.0,8695.0,8695.0,2,86950.0,168.0
2025-05-21 09:20:00,8675.0,8680.0,8670.0,8670.0,3,130125.0,166.0
2025-05-21 10:05:00,8640.0,8650.0,8640.0,8650.0,2,86450.0,166.0
2025-05-21 10:10:00,8685.0,8685.0,8685.0,8685.0,1,43425.0,165.0
2025-05-21 10:35:00,8670.0,8670.0,8670.0,8670.0,1,43350.0,166.0
2025-05-21 10:40:00,8685.0,8685.0,8685.0,8685.0,1,43425.0,167.0
2025-05-21 10:50:00,8665.0,8665.0,8665.0,8665.0,1,43325.0,167.0
2025-05-21 11:15:00,8610.0,8610.0,8610.0,8610.0,1,43050.0,167.0
2025-05-21 11:20:00,8595.0,8595.0,8595.0,8595.0,1,42975.0,167.0
2025-05-21 11:25:00,8600.0,8600.0,8600.0,8600.0,1,43000.0,167.0
2025-05-21 13:30:00,8580.0,8580.0,8580.0,8580.0,1,42900.0,167.0
2025-05-21 14:00:00,8600.0,8600.0,8600.0,8600.0,1,43000.0,167.0
2025-05-21 14:55:00,8620.0,8640.0,8620.0,8640.0,2,86300.0,167.0
2025-05-22 09:25:00,8670.0,8670.0,8670.0,8670.0,3,130050.0,168.0
2025-05-22 09:30:00,8660.0,8660.0,8660.0,8660.0,1,43300.0,169.0
2025-05-22 09:35:00,8665.0,8680.0,8665.0,8680.0,5,216675.0,174.0
2025-05-22 10:05:00,8670.0,8670.0,8670.0,8670.0,2,86700.0,175.0
2025-05-22 10:45:00,8620.0,8620.0,8620.0,8620.0,2,86200.0,175.0
2025-05-22 11:10:00,8630.0,8630.0,8630.0,8630.0,1,43150.0,174.0
2025-05-22 11:15:00,8645.0,8645.0,8645.0,8645.0,1,43225.0,175.0
2025-05-22 13:30:00,8635.0,8635.0,8620.0,8620.0,3,129450.0,174.0
2025-05-22 14:00:00,8665.0,8665.0,8665.0,8665.0,1,43325.0,174.0
2025-05-22 14:25:00,8670.0,8680.0,8670.0,8680.0,2,86750.0,174.0
2025-05-22 14:35:00,8695.0,8695.0,8695.0,8695.0,1,43475.0,175.0
2025-05-22 14:50:00,8650.0,8650.0,8650.0,8650.0,1,43250.0,175.0
2025-05-22 14:55:00,8645.0,8645.0,8645.0,8645.0,1,43225.0,174.0
2025-05-23 09:00:00,8655.0,8655.0,8655.0,8655.0,2,86550.0,176.0
2025-05-23 09:25:00,8680.0,8680.0,8680.0,8680.0,1,43400.0,176.0
2025-05-23 10:00:00,8690.0,8690.0,8690.0,8690.0,1,43450.0,177.0
2025-05-23 13:50:00,8660.0,8660.0,8660.0,8660.0,1,43300.0,177.0
2025-05-23 13:55:00,8660.0,8660.0,8660.0,8660.0,1,43300.0,178.0
2025-05-23 14:50:00,8660.0,8660.0,8660.0,8660.0,1,43300.0,178.0
2025-05-26 09:00:00,8640.0,8640.0,8555.0,8600.0,3,128975.0,178.0
2025-05-26 09:05:00,8560.0,8565.0,8520.0,8535.0,17,726100.0,180.0
2025-05-26 09:10:00,8520.0,8520.0,8480.0,8500.0,3,127500.0,180.0
2025-05-26 09:35:00,8500.0,8500.0,8500.0,8500.0,1,42500.0,180.0
2025-05-26 10:50:00,8445.0,8445.0,8445.0,8445.0,1,42225.0,181.0
2025-05-26 10:55:00,8445.0,8445.0,8445.0,8445.0,2,84450.0,181.0
2025-05-26 11:10:00,8435.0,8435.0,8435.0,8435.0,5,210875.0,179.0
2025-05-26 13:35:00,8440.0,8445.0,8440.0,8445.0,2,84425.0,179.0
2025-05-26 14:00:00,8415.0,8420.0,8415.0,8420.0,4,168375.0,181.0
2025-05-26 14:50:00,8380.0,8380.0,8380.0,8380.0,2,83800.0,183.0
2025-05-26 14:55:00,8380.0,8385.0,8380.0,8385.0,2,83825.0,183.0
2025-05-27 09:10:00,8310.0,8320.0,8310.0,8320.0,3,124750.0,183.0
2025-05-27 09:15:00,8340.0,8340.0,8340.0,8340.0,1,41700.0,183.0
2025-05-27 09:20:00,8330.0,8330.0,8330.0,8330.0,1,41650.0,184.0
2025-05-27 09:50:00,8310.0,8310.0,8310.0,8310.0,4,166200.0,187.0
2025-05-27 10:10:00,8270.0,8270.0,8255.0,8255.0,9,371625.0,190.0
2025-05-27 10:30:00,8245.0,8255.0,8245.0,8255.0,3,123775.0,190.0
2025-05-27 11:00:00,8290.0,8290.0,8290.0,8290.0,1,41450.0,191.0
2025-05-27 11:15:00,8255.0,8255.0,8255.0,8255.0,1,41275.0,190.0
2025-05-27 13:30:00,8205.0,8205.0,8205.0,8205.0,1,41025.0,190.0
2025-05-27 13:40:00,8200.0,8220.0,8200.0,8220.0,2,82100.0,190.0
2025-05-27 13:45:00,8220.0,8220.0,8220.0,8220.0,1,41100.0,190.0
2025-05-27 13:50:00,8215.0,8215.0,8215.0,8215.0,2,82150.0,192.0
2025-05-27 14:05:00,8200.0,8200.0,8200.0,8200.0,1,41000.0,193.0
2025-05-27 14:20:00,8200.0,8200.0,8170.0,8200.0,4,163825.0,196.0
2025-05-27 14:30:00,8190.0,8190.0,8190.0,8190.0,2,81900.0,197.0
2025-05-27 14:35:00,8185.0,8185.0,8185.0,8185.0,3,122775.0,197.0
2025-05-27 14:45:00,8190.0,8190.0,8190.0,8190.0,3,122850.0,197.0
2025-05-27 14:50:00,8195.0,8195.0,8160.0,8160.0,3,122700.0,200.0
2025-05-27 14:55:00,8190.0,8190.0,8190.0,8190.0,1,40950.0,199.0
2025-05-28 09:00:00,8185.0,8185.0,8185.0,8185.0,3,122775.0,196.0
2025-05-28 09:05:00,8125.0,8125.0,8110.0,8110.0,2,81175.0,196.0
2025-05-28 09:15:00,8095.0,8095.0,8085.0,8095.0,15,606925.0,208.0
2025-05-28 09:20:00,8115.0,8115.0,8115.0,8115.0,1,40575.0,207.0
2025-05-28 09:25:00,8115.0,8115.0,8090.0,8090.0,2,81025.0,207.0
2025-05-28 10:30:00,8010.0,8010.0,8010.0,8010.0,1,40050.0,207.0
2025-05-28 10:35:00,8010.0,8010.0,8010.0,8010.0,2,80100.0,209.0
2025-05-28 10:45:00,8060.0,8060.0,8060.0,8060.0,2,80600.0,210.0
2025-05-28 10:50:00,8025.0,8025.0,8025.0,8025.0,1,40125.0,211.0
2025-05-28 11:05:00,8010.0,8020.0,8010.0,8010.0,15,600850.0,202.0
2025-05-28 11:10:00,8000.0,8015.0,8000.0,8005.0,6,240275.0,201.0
2025-05-28 11:15:00,8000.0,8000.0,8000.0,8000.0,1,40000.0,201.0
2025-05-28 13:30:00,7965.0,7970.0,7930.0,7930.0,7,278275.0,199.0
2025-05-28 13:35:00,7940.0,7945.0,7925.0,7925.0,5,198425.0,198.0
2025-05-28 13:45:00,7970.0,7970.0,7965.0,7965.0,3,119525.0,196.0
2025-05-28 13:50:00,7945.0,7955.0,7935.0,7935.0,4,158950.0,197.0
2025-05-28 14:00:00,7945.0,7945.0,7945.0,7945.0,2,79450.0,195.0
2025-05-28 14:05:00,7960.0,7960.0,7960.0,7960.0,1,39800.0,195.0
2025-05-28 14:10:00,7985.0,8025.0,7985.0,8025.0,3,120150.0,195.0
2025-05-28 14:20:00,8060.0,8060.0,8060.0,8060.0,1,40300.0,194.0
2025-05-28 14:25:00,8035.0,8040.0,8030.0,8030.0,4,160700.0,197.0
2025-05-28 14:30:00,8030.0,8030.0,8030.0,8030.0,2,80300.0,199.0
2025-05-28 14:55:00,7930.0,7930.0,7930.0,7930.0,1,39650.0,198.0
2025-05-29 09:00:00,7835.0,7835.0,7835.0,7835.0,1,39175.0,199.0
2025-05-29 09:05:00,7830.0,7840.0,7800.0,7805.0,25,977925.0,212.0
2025-05-29 09:10:00,7810.0,7830.0,7805.0,7830.0,9,351875.0,216.0
2025-05-29 09:15:00,7840.0,7860.0,7840.0,7860.0,2,78500.0,215.0
2025-05-29 09:20:00,7860.0,7860.0,7830.0,7830.0,5,196300.0,217.0
2025-05-29 09:25:00,7845.0,7845.0,7845.0,7845.0,1,39225.0,218.0
2025-05-29 09:35:00,7825.0,7825.0,7815.0,7815.0,7,273700.0,225.0
2025-05-29 09:40:00,7815.0,7815.0,7800.0,7800.0,8,312300.0,233.0
2025-05-29 09:45:00,7800.0,7800.0,7800.0,7800.0,1,39000.0,234.0
2025-05-29 09:55:00,7835.0,7835.0,7835.0,7835.0,1,39175.0,234.0
2025-05-29 10:00:00,7795.0,7795.0,7795.0,7795.0,5,194875.0,238.0
2025-05-29 10:05:00,7790.0,7790.0,7755.0,7770.0,21,816750.0,253.0
2025-05-29 10:30:00,7745.0,7760.0,7740.0,7760.0,5,193725.0,256.0
2025-05-29 10:50:00,7775.0,7775.0,7775.0,7775.0,1,38875.0,256.0
2025-05-29 11:05:00,7780.0,7790.0,7780.0,7790.0,2,77850.0,254.0
2025-05-29 11:20:00,7760.0,7760.0,7745.0,7745.0,2,77525.0,254.0
2025-05-29 11:25:00,7745.0,7745.0,7730.0,7730.0,6,232125.0,259.0
2025-05-29 13:30:00,7765.0,7765.0,7765.0,7765.0,1,38825.0,258.0
2025-05-29 13:40:00,7790.0,7790.0,7790.0,7790.0,2,77900.0,260.0
2025-05-29 13:45:00,7790.0,7790.0,7790.0,7790.0,2,77900.0,260.0
2025-05-29 14:10:00,7815.0,7815.0,7815.0,7815.0,1,39075.0,261.0
2025-05-29 14:35:00,7770.0,7770.0,7770.0,7770.0,3,116550.0,262.0
2025-05-29 14:45:00,7750.0,7750.0,7740.0,7740.0,45,1743150.0,264.0
2025-05-29 14:50:00,7740.0,7740.0,7730.0,7735.0,12,463900.0,271.0
2025-05-29 14:55:00,7725.0,7735.0,7710.0,7710.0,29,1120800.0,269.0
2025-05-30 09:00:00,7700.0,7710.0,7590.0,7700.0,31,1191950.0,280.0
2025-05-30 09:05:00,7700.0,7710.0,7640.0,7655.0,21,806175.0,292.0
2025-05-30 09:10:00,7640.0,7640.0,7635.0,7635.0,5,190975.0,296.0
2025-05-30 09:15:00,7630.0,7630.0,7630.0,7630.0,1,38150.0,295.0
2025-05-30 09:20:00,7620.0,7620.0,7620.0,7620.0,6,228600.0,300.0
2025-05-30 09:25:00,7640.0,7640.0,7640.0,7640.0,1,38200.0,300.0
2025-05-30 09:30:00,7620.0,7680.0,7610.0,7610.0,7,267200.0,296.0
2025-05-30 09:35:00,7605.0,7605.0,7555.0,7560.0,18,682150.0,309.0
2025-05-30 09:40:00,7580.0,7585.0,7580.0,7585.0,2,75825.0,309.0
2025-05-30 09:45:00,7585.0,7600.0,7570.0,7590.0,17,644375.0,314.0
2025-05-30 09:50:00,7605.0,7605.0,7590.0,7595.0,4,151950.0,313.0
2025-05-30 10:05:00,7550.0,7550.0,7545.0,7545.0,3,113225.0,313.0
2025-05-30 10:30:00,7580.0,7580.0,7565.0,7565.0,4,151375.0,312.0
2025-05-30 10:35:00,7580.0,7580.0,7570.0,7570.0,2,75750.0,313.0
2025-05-30 10:45:00,7615.0,7615.0,7615.0,7615.0,2,76150.0,312.0
2025-05-30 10:55:00,7615.0,7615.0,7610.0,7610.0,3,114175.0,311.0
2025-05-30 11:05:00,7635.0,7635.0,7635.0,7635.0,1,38175.0,311.0
2025-05-30 11:10:00,7655.0,7655.0,7655.0,7655.0,2,76550.0,312.0
2025-05-30 11:15:00,7620.0,7630.0,7620.0,7630.0,3,114350.0,311.0
2025-05-30 13:30:00,7590.0,7590.0,7575.0,7575.0,4,151600.0,312.0
2025-05-30 14:05:00,7620.0,7620.0,7620.0,7620.0,3,114300.0,314.0
2025-05-30 14:35:00,7580.0,7580.0,7555.0,7565.0,8,302825.0,314.0
2025-05-30 14:40:00,7550.0,7560.0,7550.0,7560.0,2,75550.0,314.0
2025-05-30 14:45:00,7545.0,7545.0,7545.0,7545.0,1,37725.0,313.0
2025-05-30 14:50:00,7540.0,7540.0,7540.0,7540.0,1,37700.0,313.0
2025-05-30 14:55:00,7540.0,7540.0,7540.0,7540.0,1,37700.0,313.0
2025-06-03 09:00:00,7530.0,7530.0,7430.0,7430.0,5,187150.0,315.0
2025-06-03 09:05:00,7420.0,7465.0,7420.0,7465.0,8,297575.0,316.0
2025-06-03 09:10:00,7445.0,7445.0,7445.0,7445.0,1,37225.0,316.0
2025-06-03 09:25:00,7420.0,7430.0,7420.0,7430.0,2,74250.0,316.0
2025-06-03 09:30:00,7420.0,7420.0,7420.0,7420.0,1,37100.0,316.0
2025-06-03 10:45:00,7445.0,7445.0,7445.0,7445.0,1,37225.0,317.0
2025-06-03 11:10:00,7440.0,7440.0,7440.0,7440.0,1,37200.0,318.0
2025-06-03 11:25:00,7400.0,7430.0,7400.0,7430.0,2,74150.0,318.0
2025-06-03 14:00:00,7410.0,7410.0,7410.0,7410.0,1,37050.0,319.0
2025-06-03 14:10:00,7405.0,7405.0,7405.0,7405.0,1,37025.0,319.0
2025-06-03 14:15:00,7400.0,7400.0,7400.0,7400.0,5,185000.0,322.0
2025-06-03 14:25:00,7380.0,7385.0,7380.0,7385.0,3,110750.0,323.0
2025-06-03 14:30:00,7380.0,7390.0,7370.0,7370.0,6,221400.0,328.0
2025-06-03 14:35:00,7370.0,7370.0,7370.0,7370.0,1,36850.0,328.0
2025-06-03 14:40:00,7380.0,7380.0,7380.0,7380.0,1,36900.0,327.0
2025-06-03 14:45:00,7355.0,7355.0,7320.0,7335.0,3,110050.0,327.0
2025-06-03 14:50:00,7310.0,7310.0,7310.0,7310.0,1,36550.0,326.0
2025-06-03 14:55:00,7320.0,7320.0,7320.0,7320.0,1,36600.0,326.0
2025-06-04 09:00:00,7440.0,7470.0,7435.0,7435.0,8,298475.0,323.0
2025-06-04 09:05:00,7435.0,7435.0,7435.0,7435.0,2,74350.0,325.0
2025-06-04 09:10:00,7490.0,7490.0,7440.0,7440.0,2,74650.0,325.0
2025-06-04 09:20:00,7365.0,7405.0,7365.0,7395.0,4,147800.0,324.0
2025-06-04 09:25:00,7360.0,7360.0,7360.0,7360.0,1,36800.0,324.0
2025-06-04 09:30:00,7355.0,7355.0,7355.0,7355.0,1,36775.0,324.0
2025-06-04 09:50:00,7330.0,7335.0,7330.0,7330.0,4,146625.0,325.0
2025-06-04 09:55:00,7310.0,7310.0,7295.0,7295.0,8,292200.0,330.0
2025-06-04 10:10:00,7280.0,7285.0,7280.0,7285.0,3,109225.0,333.0
2025-06-04 10:40:00,7285.0,7285.0,7260.0,7260.0,9,327375.0,341.0
2025-06-04 10:50:00,7225.0,7250.0,7225.0,7250.0,2,72375.0,342.0
2025-06-04 10:55:00,7250.0,7250.0,7235.0,7235.0,4,144850.0,341.0
2025-06-04 11:00:00,7225.0,7225.0,7220.0,7225.0,5,180550.0,340.0
2025-06-04 11:05:00,7220.0,7225.0,7220.0,7220.0,6,216625.0,340.0
2025-06-04 11:10:00,7230.0,7230.0,7230.0,7230.0,1,36150.0,339.0
2025-06-04 11:15:00,7230.0,7255.0,7225.0,7250.0,5,180950.0,341.0
2025-06-04 11:20:00,7290.0,7290.0,7290.0,7290.0,1,36450.0,340.0
2025-06-04 13:30:00,7250.0,7250.0,7250.0,7250.0,1,36250.0,340.0
2025-06-04 13:35:00,7295.0,7295.0,7295.0,7295.0,1,36475.0,340.0
2025-06-04 13:40:00,7335.0,7335.0,7335.0,7335.0,1,36675.0,340.0
2025-06-04 13:45:00,7300.0,7305.0,7300.0,7300.0,3,109525.0,342.0
2025-06-04 13:50:00,7310.0,7310.0,7305.0,7305.0,2,73075.0,341.0
2025-06-04 13:55:00,7360.0,7365.0,7360.0,7360.0,3,110425.0,343.0
2025-06-04 14:00:00,7360.0,7445.0,7360.0,7385.0,17,628550.0,351.0
2025-06-04 14:05:00,7355.0,7415.0,7355.0,7400.0,14,516975.0,356.0
2025-06-04 14:10:00,7395.0,7395.0,7370.0,7380.0,4,147650.0,357.0
2025-06-04 14:15:00,7380.0,7450.0,7380.0,7450.0,27,1002800.0,351.0
2025-06-04 14:20:00,7450.0,7485.0,7425.0,7425.0,5,186225.0,353.0
2025-06-04 14:25:00,7420.0,7420.0,7405.0,7410.0,9,333550.0,352.0
2025-06-04 14:30:00,7415.0,7435.0,7415.0,7430.0,6,222775.0,352.0
2025-06-04 14:35:00,7435.0,7435.0,7435.0,7435.0,1,37175.0,352.0
2025-06-04 14:40:00,7470.0,7470.0,7455.0,7455.0,4,149225.0,353.0
2025-06-04 14:45:00,7495.0,7515.0,7495.0,7515.0,6,224950.0,353.0
2025-06-04 14:50:00,7465.0,7465.0,7465.0,7465.0,1,37325.0,353.0
2025-06-04 14:55:00,7460.0,7510.0,7455.0,7510.0,4,149400.0,354.0
2025-06-05 09:00:00,7380.0,7415.0,7365.0,7380.0,9,332075.0,354.0
2025-06-05 09:05:00,7375.0,7375.0,7370.0,7370.0,2,73725.0,353.0
2025-06-05 09:15:00,7360.0,7360.0,7345.0,7345.0,5,183775.0,352.0
2025-06-05 09:20:00,7340.0,7340.0,7340.0,7340.0,1,36700.0,351.0
2025-06-05 09:35:00,7340.0,7340.0,7330.0,7330.0,3,110050.0,350.0
2025-06-05 09:40:00,7325.0,7330.0,7325.0,7330.0,2,73275.0,350.0
2025-06-05 10:00:00,7335.0,7335.0,7335.0,7335.0,1,36675.0,350.0
2025-06-05 10:30:00,7335.0,7335.0,7335.0,7335.0,1,36675.0,351.0
2025-06-05 10:45:00,7320.0,7320.0,7320.0,7320.0,1,36600.0,351.0
2025-06-05 11:05:00,7370.0,7405.0,7370.0,7405.0,2,73875.0,351.0
2025-06-05 11:10:00,7400.0,7400.0,7390.0,7390.0,2,73950.0,351.0
2025-06-05 13:40:00,7385.0,7385.0,7385.0,7385.0,1,36925.0,350.0
2025-06-05 14:00:00,7375.0,7375.0,7355.0,7355.0,3,110525.0,351.0
2025-06-05 14:05:00,7370.0,7400.0,7370.0,7400.0,4,147550.0,350.0
2025-06-05 14:15:00,7365.0,7365.0,7360.0,7360.0,2,73625.0,351.0
2025-06-05 14:20:00,7365.0,7365.0,7365.0,7365.0,1,36825.0,352.0
2025-06-05 14:30:00,7365.0,7395.0,7365.0,7395.0,11,405225.0,352.0
2025-06-06 09:00:00,7550.0,7575.0,7550.0,7575.0,6,226675.0,351.0
2025-06-06 09:05:00,7545.0,7545.0,7535.0,7545.0,8,301800.0,350.0
2025-06-06 09:10:00,7500.0,7500.0,7455.0,7495.0,49,1837225.0,391.0
2025-06-06 09:15:00,7490.0,7495.0,7445.0,7460.0,6,224225.0,393.0
2025-06-06 09:20:00,7460.0,7460.0,7460.0,7460.0,4,149200.0,393.0
2025-06-06 09:25:00,7465.0,7475.0,7465.0,7475.0,7,261375.0,395.0
2025-06-06 09:30:00,7455.0,7460.0,7450.0,7450.0,4,149075.0,398.0
2025-06-06 09:35:00,7455.0,7490.0,7450.0,7490.0,7,261325.0,397.0
2025-06-06 09:40:00,7545.0,7545.0,7545.0,7545.0,1,37725.0,396.0
2025-06-06 09:45:00,7490.0,7490.0,7490.0,7490.0,2,74900.0,398.0
2025-06-06 09:50:00,7475.0,7500.0,7475.0,7495.0,5,187200.0,400.0
2025-06-06 09:55:00,7485.0,7485.0,7480.0,7480.0,3,112225.0,402.0
2025-06-06 10:05:00,7490.0,7490.0,7490.0,7490.0,5,187250.0,398.0
2025-06-06 11:00:00,7575.0,7575.0,7545.0,7545.0,2,75600.0,397.0
2025-06-06 11:05:00,7535.0,7535.0,7535.0,7535.0,2,75350.0,399.0
2025-06-06 11:15:00,7540.0,7540.0,7540.0,7540.0,2,75400.0,397.0
2025-06-06 13:30:00,7485.0,7495.0,7485.0,7495.0,2,74900.0,397.0
2025-06-06 13:35:00,7470.0,7470.0,7470.0,7470.0,5,186750.0,397.0
2025-06-06 13:55:00,7470.0,7470.0,7470.0,7470.0,1,37350.0,397.0
2025-06-06 14:00:00,7450.0,7450.0,7450.0,7450.0,1,37250.0,397.0
2025-06-06 14:20:00,7425.0,7425.0,7420.0,7420.0,4,148450.0,398.0
2025-06-06 14:25:00,7400.0,7400.0,7385.0,7395.0,4,147850.0,397.0
2025-06-06 14:30:00,7395.0,7395.0,7395.0,7395.0,1,36975.0,398.0
2025-06-06 14:40:00,7395.0,7400.0,7395.0,7400.0,24,887700.0,418.0
2025-06-06 14:45:00,7400.0,7415.0,7395.0,7405.0,40,1480325.0,452.0
2025-06-06 14:50:00,7405.0,7430.0,7405.0,7415.0,42,1556175.0,488.0
2025-06-06 14:55:00,7415.0,7435.0,7410.0,7435.0,39,1446600.0,491.0
2025-06-09 09:00:00,7420.0,7445.0,7380.0,7425.0,31,1149225.0,498.0
2025-06-09 09:05:00,7425.0,7425.0,7390.0,7400.0,14,518925.0,507.0
2025-06-09 09:20:00,7440.0,7440.0,7440.0,7440.0,1,37200.0,507.0
2025-06-09 09:25:00,7445.0,7445.0,7445.0,7445.0,5,186125.0,512.0
2025-06-09 09:30:00,7440.0,7440.0,7440.0,7440.0,5,186000.0,517.0
2025-06-09 09:40:00,7470.0,7485.0,7450.0,7460.0,7,261475.0,519.0
2025-06-09 09:50:00,7465.0,7465.0,7465.0,7465.0,2,74650.0,521.0
2025-06-09 10:30:00,7460.0,7460.0,7460.0,7460.0,1,37300.0,521.0
2025-06-09 10:45:00,7480.0,7480.0,7475.0,7475.0,3,112175.0,519.0
2025-06-09 10:50:00,7475.0,7480.0,7475.0,7480.0,3,112150.0,521.0
2025-06-09 10:55:00,7480.0,7480.0,7475.0,7480.0,50,1869975.0,524.0
2025-06-09 11:00:00,7475.0,7475.0,7470.0,7470.0,5,186850.0,529.0
2025-06-09 11:05:00,7465.0,7465.0,7465.0,7465.0,1,37325.0,530.0
2025-06-09 11:20:00,7425.0,7425.0,7425.0,7425.0,1,37125.0,530.0
2025-06-09 13:35:00,7425.0,7425.0,7425.0,7425.0,1,37125.0,530.0
2025-06-09 13:55:00,7475.0,7475.0,7455.0,7455.0,6,223750.0,530.0
2025-06-09 14:05:00,7455.0,7460.0,7455.0,7460.0,5,186475.0,532.0
2025-06-09 14:10:00,7460.0,7460.0,7460.0,7460.0,2,74600.0,533.0
2025-06-09 14:15:00,7475.0,7500.0,7475.0,7500.0,7,261975.0,536.0
2025-06-09 14:20:00,7505.0,7540.0,7500.0,7510.0,29,1089725.0,539.0
2025-06-09 14:25:00,7510.0,7525.0,7495.0,7525.0,9,337725.0,545.0
2025-06-09 14:30:00,7525.0,7535.0,7505.0,7505.0,8,300875.0,547.0
2025-06-09 14:35:00,7525.0,7525.0,7510.0,7510.0,5,187950.0,547.0
2025-06-09 14:40:00,7525.0,7530.0,7525.0,7530.0,3,112900.0,550.0
2025-06-09 14:45:00,7550.0,7560.0,7545.0,7550.0,13,490675.0,555.0
2025-06-09 14:50:00,7550.0,7550.0,7550.0,7550.0,1,37750.0,555.0
2025-06-09 14:55:00,7565.0,7565.0,7550.0,7555.0,8,302250.0,558.0
2025-06-10 09:00:00,7525.0,7525.0,7445.0,7460.0,18,674300.0,558.0
2025-06-10 09:05:00,7460.0,7470.0,7460.0,7465.0,5,186625.0,560.0
2025-06-10 09:10:00,7470.0,7470.0,7450.0,7450.0,5,186450.0,561.0
2025-06-10 09:15:00,7475.0,7475.0,7465.0,7465.0,3,112075.0,562.0
2025-06-10 09:20:00,7500.0,7510.0,7500.0,7510.0,3,112600.0,565.0
2025-06-10 09:25:00,7515.0,7525.0,7515.0,7525.0,2,75200.0,566.0
2025-06-10 09:30:00,7530.0,7530.0,7530.0,7530.0,2,75300.0,568.0
2025-06-10 09:35:00,7535.0,7590.0,7535.0,7580.0,15,568325.0,567.0
2025-06-10 09:40:00,7570.0,7570.0,7570.0,7570.0,1,37850.0,567.0
2025-06-10 09:45:00,7565.0,7570.0,7540.0,7555.0,10,377775.0,567.0
2025-06-10 09:50:00,7560.0,7560.0,7555.0,7555.0,4,151125.0,569.0
2025-06-10 09:55:00,7560.0,7565.0,7555.0,7555.0,9,340200.0,574.0
2025-06-10 10:00:00,7550.0,7585.0,7545.0,7585.0,12,453975.0,580.0
2025-06-10 10:05:00,7585.0,7585.0,7545.0,7550.0,48,1812775.0,607.0
2025-06-10 10:10:00,7560.0,7585.0,7560.0,7580.0,40,1513650.0,619.0
2025-06-10 10:30:00,7580.0,7585.0,7580.0,7585.0,2,75825.0,619.0
2025-06-10 10:35:00,7595.0,7595.0,7595.0,7595.0,3,113950.0,618.0
2025-06-10 10:40:00,7620.0,7620.0,7615.0,7615.0,2,76175.0,618.0
2025-06-10 11:05:00,7640.0,7640.0,7620.0,7620.0,2,76300.0,617.0
2025-06-10 13:30:00,7585.0,7585.0,7555.0,7555.0,14,529600.0,622.0
2025-06-10 13:35:00,7575.0,7575.0,7575.0,7575.0,1,37875.0,622.0
2025-06-10 13:50:00,7580.0,7580.0,7580.0,7580.0,1,37900.0,622.0
2025-06-10 14:00:00,7600.0,7600.0,7600.0,7600.0,10,380000.0,628.0
2025-06-10 14:25:00,7590.0,7590.0,7590.0,7590.0,2,75900.0,628.0
2025-06-10 14:40:00,7590.0,7590.0,7590.0,7590.0,1,37950.0,627.0
2025-06-10 14:45:00,7595.0,7595.0,7595.0,7595.0,1,37975.0,626.0
2025-06-10 14:50:00,7570.0,7570.0,7570.0,7570.0,2,75700.0,628.0
2025-06-11 09:00:00,7580.0,7600.0,7580.0,7595.0,14,531175.0,636.0
2025-06-11 09:10:00,7565.0,7565.0,7565.0,7565.0,1,37825.0,637.0
2025-06-11 09:15:00,7535.0,7540.0,7515.0,7515.0,22,828375.0,647.0
2025-06-11 09:20:00,7520.0,7520.0,7510.0,7515.0,64,2404025.0,681.0
2025-06-11 09:25:00,7520.0,7520.0,7510.0,7510.0,20,751675.0,682.0
2025-06-11 09:30:00,7515.0,7515.0,7505.0,7510.0,9,337950.0,684.0
2025-06-11 09:35:00,7545.0,7545.0,7545.0,7545.0,5,188625.0,688.0
2025-06-11 09:45:00,7545.0,7555.0,7545.0,7555.0,4,150950.0,688.0
2025-06-11 09:50:00,7555.0,7555.0,7555.0,7555.0,2,75550.0,688.0
2025-06-11 09:55:00,7545.0,7545.0,7545.0,7545.0,3,113175.0,691.0
2025-06-11 10:00:00,7555.0,7555.0,7550.0,7550.0,2,75525.0,693.0
2025-06-11 10:30:00,7555.0,7555.0,7550.0,7550.0,2,75525.0,694.0
2025-06-11 10:35:00,7545.0,7545.0,7545.0,7545.0,2,75450.0,696.0
2025-06-11 10:55:00,7550.0,7550.0,7550.0,7550.0,1,37750.0,695.0
2025-06-11 11:00:00,7595.0,7595.0,7595.0,7595.0,1,37975.0,695.0
2025-06-11 11:25:00,7600.0,7600.0,7595.0,7595.0,10,379900.0,693.0
2025-06-11 13:30:00,7610.0,7645.0,7610.0,7640.0,13,496275.0,695.0
2025-06-11 13:35:00,7650.0,7680.0,7650.0,7675.0,19,728275.0,694.0
2025-06-11 13:40:00,7655.0,7655.0,7640.0,7640.0,2,76475.0,695.0
2025-06-11 13:45:00,7675.0,7680.0,7675.0,7680.0,4,153525.0,696.0
2025-06-11 13:50:00,7710.0,7710.0,7705.0,7705.0,8,308225.0,697.0
2025-06-11 14:00:00,7690.0,7690.0,7690.0,7690.0,1,38450.0,696.0
2025-06-11 14:05:00,7670.0,7685.0,7670.0,7675.0,7,268850.0,699.0
2025-06-11 14:10:00,7690.0,7700.0,7680.0,7690.0,8,307450.0,700.0
2025-06-11 14:15:00,7690.0,7690.0,7690.0,7690.0,1,38450.0,700.0
2025-06-11 14:20:00,7680.0,7680.0,7680.0,7680.0,2,76800.0,701.0
2025-06-11 14:25:00,7695.0,7695.0,7675.0,7675.0,7,269200.0,703.0
2025-06-11 14:35:00,7665.0,7685.0,7665.0,7675.0,7,268825.0,705.0
2025-06-11 14:40:00,7660.0,7660.0,7660.0,7660.0,1,38300.0,706.0
2025-06-11 14:45:00,7670.0,7670.0,7670.0,7670.0,1,38350.0,705.0
2025-06-11 14:50:00,7665.0,7665.0,7665.0,7665.0,1,38325.0,705.0
2025-06-11 14:55:00,7685.0,7685.0,7655.0,7655.0,2,76700.0,705.0
2025-06-12 09:00:00,7655.0,7655.0,7620.0,7630.0,3,114525.0,706.0
2025-06-12 09:10:00,7630.0,7635.0,7630.0,7630.0,12,457825.0,716.0
2025-06-12 09:20:00,7655.0,7675.0,7640.0,7655.0,31,1187100.0,720.0
2025-06-12 09:25:00,7665.0,7670.0,7645.0,7650.0,103,3942150.0,715.0
2025-06-12 09:30:00,7655.0,7655.0,7655.0,7655.0,2,76550.0,714.0
2025-06-12 09:35:00,7640.0,7640.0,7640.0,7640.0,1,38200.0,715.0
2025-06-12 09:40:00,7640.0,7640.0,7640.0,7640.0,1,38200.0,715.0
2025-06-12 09:45:00,7630.0,7630.0,7630.0,7630.0,4,152600.0,719.0
2025-06-12 09:50:00,7630.0,7635.0,7630.0,7635.0,4,152625.0,721.0
2025-06-12 10:00:00,7625.0,7625.0,7625.0,7625.0,1,38125.0,721.0
2025-06-12 10:40:00,7620.0,7620.0,7615.0,7615.0,6,228500.0,722.0
2025-06-12 10:50:00,7605.0,7610.0,7605.0,7610.0,2,76075.0,722.0
2025-06-12 11:00:00,7590.0,7590.0,7585.0,7585.0,2,75875.0,724.0
2025-06-12 11:05:00,7585.0,7585.0,7585.0,7585.0,2,75850.0,724.0
2025-06-12 11:10:00,7570.0,7570.0,7570.0,7570.0,2,75700.0,723.0
2025-06-12 11:15:00,7570.0,7570.0,7570.0,7570.0,2,75700.0,723.0
2025-06-12 11:20:00,7545.0,7555.0,7545.0,7555.0,2,75500.0,722.0
2025-06-12 11:25:00,7565.0,7565.0,7565.0,7565.0,1,37825.0,722.0
2025-06-12 13:45:00,7535.0,7535.0,7535.0,7535.0,3,113025.0,722.0
2025-06-12 13:50:00,7560.0,7560.0,7560.0,7560.0,2,75600.0,722.0
2025-06-12 13:55:00,7575.0,7575.0,7575.0,7575.0,1,37875.0,721.0
2025-06-12 14:00:00,7575.0,7585.0,7575.0,7575.0,5,189450.0,720.0
2025-06-12 14:05:00,7565.0,7565.0,7565.0,7565.0,1,37825.0,721.0
2025-06-12 14:35:00,7575.0,7575.0,7575.0,7575.0,2,75750.0,720.0
2025-06-12 14:40:00,7560.0,7560.0,7560.0,7560.0,1,37800.0,720.0
2025-06-12 14:45:00,7560.0,7560.0,7560.0,7560.0,1,37800.0,720.0
2025-06-12 14:50:00,7555.0,7555.0,7555.0,7555.0,1,37775.0,720.0
2025-06-12 14:55:00,7565.0,7565.0,7545.0,7560.0,4,151125.0,719.0
2025-06-13 09:00:00,7495.0,7495.0,7495.0,7495.0,1,37475.0,719.0
2025-06-13 09:05:00,7570.0,7570.0,7570.0,7570.0,1,37850.0,719.0
2025-06-13 09:10:00,7540.0,7540.0,7535.0,7535.0,2,75375.0,721.0
2025-06-13 09:15:00,7510.0,7510.0,7500.0,7500.0,2,75050.0,722.0
2025-06-13 09:20:00,7465.0,7465.0,7465.0,7465.0,5,186625.0,722.0
2025-06-13 09:25:00,7460.0,7475.0,7455.0,7455.0,33,1231000.0,744.0
2025-06-13 09:30:00,7480.0,7480.0,7480.0,7480.0,2,74800.0,744.0
2025-06-13 09:35:00,7505.0,7505.0,7500.0,7500.0,6,225100.0,744.0
2025-06-13 09:40:00,7500.0,7500.0,7500.0,7500.0,1,37500.0,744.0
2025-06-13 09:45:00,7500.0,7505.0,7495.0,7505.0,5,187525.0,744.0
2025-06-13 09:50:00,7510.0,7510.0,7510.0,7510.0,1,37550.0,744.0
2025-06-13 10:00:00,7490.0,7495.0,7480.0,7495.0,3,112325.0,745.0
2025-06-13 10:40:00,7545.0,7560.0,7545.0,7560.0,28,1058325.0,739.0
2025-06-13 10:55:00,7530.0,7530.0,7530.0,7530.0,1,37650.0,739.0
2025-06-13 11:05:00,7520.0,7520.0,7520.0,7520.0,20,752000.0,750.0
2025-06-13 11:10:00,7465.0,7465.0,7465.0,7465.0,1,37325.0,750.0
2025-06-13 11:15:00,7470.0,7470.0,7470.0,7470.0,10,373500.0,752.0
2025-06-13 11:20:00,7495.0,7505.0,7495.0,7505.0,5,187575.0,753.0
2025-06-13 11:25:00,7515.0,7515.0,7510.0,7510.0,21,789050.0,762.0
2025-06-13 13:30:00,7490.0,7490.0,7455.0,7455.0,9,335925.0,765.0
2025-06-13 13:35:00,7455.0,7470.0,7455.0,7465.0,20,746475.0,761.0
2025-06-13 13:40:00,7405.0,7435.0,7405.0,7425.0,17,631275.0,761.0
2025-06-13 13:45:00,7435.0,7445.0,7430.0,7435.0,23,855325.0,776.0
2025-06-13 14:00:00,7430.0,7430.0,7425.0,7425.0,2,74275.0,775.0
2025-06-13 14:05:00,7430.0,7430.0,7420.0,7420.0,21,779150.0,773.0
2025-06-13 14:10:00,7430.0,7430.0,7420.0,7425.0,7,259975.0,774.0
2025-06-13 14:30:00,7415.0,7415.0,7415.0,7415.0,16,593200.0,774.0
2025-06-13 14:35:00,7415.0,7415.0,7415.0,7415.0,5,185375.0,778.0
2025-06-13 14:45:00,7420.0,7420.0,7420.0,7420.0,1,37100.0,778.0
2025-06-13 14:50:00,7425.0,7430.0,7420.0,7420.0,9,334125.0,782.0
2025-06-13 14:55:00,7425.0,7425.0,7420.0,7420.0,9,333950.0,775.0
2025-06-16 09:00:00,7430.0,7430.0,7355.0,7400.0,11,406600.0,773.0
2025-06-16 09:05:00,7405.0,7405.0,7360.0,7385.0,12,443300.0,773.0
2025-06-16 09:10:00,7380.0,7380.0,7370.0,7370.0,2,73750.0,773.0
2025-06-16 09:15:00,7370.0,7370.0,7330.0,7330.0,4,146925.0,775.0
2025-06-16 09:20:00,7355.0,7360.0,7355.0,7360.0,7,257575.0,775.0
2025-06-16 09:25:00,7370.0,7375.0,7370.0,7370.0,22,810950.0,791.0
2025-06-16 09:30:00,7365.0,7375.0,7365.0,7375.0,2,73700.0,791.0
2025-06-16 09:35:00,7380.0,7395.0,7380.0,7395.0,4,147675.0,788.0
2025-06-16 09:40:00,7385.0,7385.0,7380.0,7380.0,2,73825.0,788.0
2025-06-16 09:45:00,7375.0,7375.0,7375.0,7375.0,1,36875.0,787.0
2025-06-16 09:50:00,7330.0,7330.0,7330.0,7330.0,1,36650.0,787.0
2025-06-16 10:10:00,7375.0,7375.0,7375.0,7375.0,3,110625.0,789.0
2025-06-16 10:30:00,7390.0,7390.0,7390.0,7390.0,1,36950.0,788.0
2025-06-16 10:35:00,7390.0,7390.0,7390.0,7390.0,1,36950.0,788.0
2025-06-16 10:40:00,7390.0,7390.0,7390.0,7390.0,1,36950.0,787.0
2025-06-16 11:05:00,7405.0,7405.0,7405.0,7405.0,1,37025.0,786.0
2025-06-16 11:10:00,7410.0,7410.0,7410.0,7410.0,1,37050.0,785.0
2025-06-16 11:15:00,7400.0,7420.0,7400.0,7420.0,8,296250.0,777.0
2025-06-16 11:20:00,7420.0,7420.0,7420.0,7420.0,1,37100.0,776.0
2025-06-16 13:30:00,7435.0,7455.0,7410.0,7410.0,5,185875.0,775.0
2025-06-16 13:35:00,7400.0,7400.0,7400.0,7400.0,1,37000.0,774.0
2025-06-16 13:40:00,7390.0,7390.0,7390.0,7390.0,10,369500.0,773.0
2025-06-16 13:55:00,7435.0,7445.0,7435.0,7445.0,2,74400.0,771.0
2025-06-16 14:10:00,7415.0,7415.0,7400.0,7400.0,3,111150.0,770.0
2025-06-16 14:25:00,7430.0,7430.0,7410.0,7410.0,21,779325.0,779.0
2025-06-16 14:35:00,7440.0,7440.0,7440.0,7440.0,1,37200.0,779.0
2025-06-16 14:45:00,7435.0,7440.0,7430.0,7440.0,3,111525.0,777.0
2025-06-16 14:50:00,7440.0,7440.0,7435.0,7435.0,2,74375.0,776.0
2025-06-16 14:55:00,7445.0,7460.0,7445.0,7460.0,2,74525.0,775.0
2025-06-17 09:00:00,7445.0,7445.0,7445.0,7445.0,1,37225.0,776.0
2025-06-17 09:05:00,7440.0,7450.0,7420.0,7420.0,16,594100.0,775.0
2025-06-17 09:20:00,7410.0,7410.0,7400.0,7400.0,4,148050.0,773.0
2025-06-17 09:25:00,7400.0,7420.0,7400.0,7420.0,2,74100.0,773.0
2025-06-17 09:30:00,7400.0,7420.0,7395.0,7405.0,7,259225.0,774.0
2025-06-17 09:55:00,7405.0,7410.0,7390.0,7395.0,22,814325.0,780.0
2025-06-17 10:00:00,7410.0,7410.0,7405.0,7405.0,6,222225.0,777.0
2025-06-17 10:30:00,7440.0,7440.0,7425.0,7425.0,6,223125.0,777.0
2025-06-17 10:35:00,7445.0,7445.0,7445.0,7445.0,4,148900.0,777.0
2025-06-17 10:50:00,7425.0,7425.0,7400.0,7400.0,3,111250.0,777.0
2025-06-17 13:30:00,7450.0,7450.0,7440.0,7440.0,2,74450.0,778.0
2025-06-17 13:35:00,7440.0,7440.0,7440.0,7440.0,1,37200.0,779.0
2025-06-17 13:50:00,7390.0,7390.0,7390.0,7390.0,1,36950.0,780.0
2025-06-17 14:05:00,7410.0,7410.0,7410.0,7410.0,1,37050.0,779.0
2025-06-17 14:55:00,7415.0,7415.0,7415.0,7415.0,1,37075.0,779.0
2025-06-18 09:10:00,7485.0,7500.0,7480.0,7500.0,50,1871175.0,778.0
2025-06-18 09:15:00,7505.0,7515.0,7505.0,7515.0,4,150200.0,776.0
2025-06-18 09:20:00,7530.0,7535.0,7505.0,7505.0,8,300675.0,774.0
2025-06-18 09:25:00,7495.0,7495.0,7495.0,7495.0,4,149900.0,776.0
2025-06-18 09:30:00,7495.0,7495.0,7495.0,7495.0,1,37475.0,775.0
2025-06-18 09:35:00,7505.0,7505.0,7505.0,7505.0,10,375250.0,782.0
2025-06-18 09:40:00,7500.0,7500.0,7500.0,7500.0,1,37500.0,782.0
2025-06-18 10:00:00,7475.0,7475.0,7475.0,7475.0,1,37375.0,783.0
2025-06-18 10:05:00,7480.0,7480.0,7480.0,7480.0,1,37400.0,782.0
2025-06-18 10:10:00,7480.0,7480.0,7470.0,7470.0,3,112100.0,783.0
2025-06-18 10:55:00,7495.0,7495.0,7495.0,7495.0,1,37475.0,782.0
2025-06-18 11:20:00,7455.0,7455.0,7455.0,7455.0,1,37275.0,782.0
2025-06-18 13:30:00,7465.0,7465.0,7450.0,7450.0,5,186525.0,784.0
2025-06-18 13:50:00,7470.0,7470.0,7470.0,7470.0,1,37350.0,784.0
2025-06-18 14:35:00,7475.0,7475.0,7475.0,7475.0,2,74750.0,784.0
2025-06-19 09:00:00,7455.0,7460.0,7450.0,7450.0,6,223650.0,786.0
2025-06-19 09:05:00,7460.0,7460.0,7460.0,7460.0,2,74600.0,788.0
2025-06-19 09:15:00,7490.0,7495.0,7490.0,7495.0,4,149825.0,788.0
2025-06-19 09:50:00,7490.0,7490.0,7490.0,7490.0,1,37450.0,789.0
2025-06-19 09:55:00,7480.0,7480.0,7475.0,7480.0,4,149575.0,791.0
2025-06-19 10:00:00,7480.0,7480.0,7455.0,7455.0,2,74675.0,792.0
2025-06-19 10:05:00,7480.0,7480.0,7480.0,7480.0,1,37400.0,792.0
2025-06-19 10:10:00,7460.0,7480.0,7460.0,7480.0,6,224150.0,792.0
2025-06-19 10:30:00,7480.0,7480.0,7480.0,7480.0,2,74800.0,792.0
2025-06-19 10:55:00,7475.0,7475.0,7475.0,7475.0,1,37375.0,793.0
2025-06-19 11:15:00,7495.0,7495.0,7495.0,7495.0,3,112425.0,795.0
2025-06-19 11:20:00,7505.0,7505.0,7500.0,7500.0,5,187550.0,797.0
2025-06-19 13:30:00,7530.0,7530.0,7530.0,7530.0,2,75250.0,797.0
2025-06-19 13:35:00,7530.0,7530.0,7520.0,7520.0,11,413775.0,794.0
2025-06-19 13:40:00,7520.0,7520.0,7520.0,7520.0,1,37600.0,794.0
2025-06-19 13:55:00,7510.0,7545.0,7510.0,7515.0,18,676250.0,805.0
2025-06-19 14:00:00,7510.0,7510.0,7505.0,7505.0,7,262800.0,812.0
2025-06-19 14:05:00,7515.0,7515.0,7510.0,7510.0,2,75125.0,813.0
2025-06-19 14:10:00,7510.0,7510.0,7510.0,7510.0,3,112650.0,816.0
2025-06-19 14:15:00,7510.0,7515.0,7510.0,7515.0,4,150225.0,817.0
2025-06-19 14:20:00,7505.0,7505.0,7505.0,7505.0,4,150100.0,817.0
2025-06-19 14:30:00,7515.0,7515.0,7515.0,7515.0,1,37575.0,817.0
2025-06-19 14:35:00,7520.0,7520.0,7510.0,7520.0,4,150350.0,817.0
2025-06-19 14:40:00,7520.0,7520.0,7520.0,7520.0,1,37600.0,817.0
2025-06-19 14:50:00,7505.0,7505.0,7505.0,7505.0,1,37525.0,818.0
2025-06-20 09:00:00,7480.0,7480.0,7480.0,7480.0,2,74800.0,820.0
2025-06-20 09:05:00,7490.0,7490.0,7490.0,7490.0,1,37450.0,820.0
2025-06-20 09:15:00,7505.0,7505.0,7505.0,7505.0,1,37525.0,820.0
2025-06-20 09:25:00,7510.0,7510.0,7510.0,7510.0,1,37550.0,821.0
2025-06-20 09:30:00,7510.0,7520.0,7505.0,7520.0,5,187825.0,822.0
2025-06-20 09:40:00,7530.0,7530.0,7530.0,7530.0,1,37650.0,822.0
2025-06-20 09:50:00,7545.0,7560.0,7545.0,7555.0,5,188900.0,821.0
2025-06-20 09:55:00,7555.0,7555.0,7555.0,7555.0,1,37775.0,821.0
2025-06-20 10:00:00,7580.0,7620.0,7575.0,7620.0,8,303700.0,821.0
2025-06-20 10:05:00,7580.0,7580.0,7580.0,7580.0,1,37900.0,820.0
2025-06-20 10:10:00,7550.0,7550.0,7550.0,7550.0,2,75525.0,820.0
2025-06-20 10:30:00,7570.0,7595.0,7570.0,7590.0,6,227525.0,820.0
2025-06-20 10:35:00,7610.0,7610.0,7580.0,7580.0,7,266125.0,823.0
2025-06-20 10:40:00,7580.0,7585.0,7580.0,7585.0,3,113725.0,821.0
2025-06-20 10:50:00,7585.0,7595.0,7585.0,7595.0,3,113875.0,818.0
2025-06-20 10:55:00,7590.0,7600.0,7590.0,7600.0,5,189925.0,821.0
2025-06-20 11:10:00,7570.0,7575.0,7570.0,7575.0,3,113575.0,822.0
2025-06-20 11:15:00,7560.0,7575.0,7560.0,7575.0,30,1134825.0,819.0
2025-06-20 11:20:00,7565.0,7565.0,7565.0,7565.0,7,264775.0,826.0
2025-06-20 11:25:00,7565.0,7565.0,7520.0,7530.0,8,301450.0,825.0
2025-06-20 13:30:00,7545.0,7550.0,7530.0,7545.0,7,264000.0,830.0
2025-06-20 13:40:00,7555.0,7555.0,7555.0,7555.0,1,37775.0,830.0
2025-06-20 13:45:00,7540.0,7540.0,7540.0,7540.0,6,226200.0,827.0
2025-06-20 13:50:00,7540.0,7540.0,7540.0,7540.0,2,75400.0,828.0
2025-06-20 13:55:00,7505.0,7515.0,7490.0,7490.0,3,112550.0,829.0
2025-06-20 14:00:00,7490.0,7490.0,7490.0,7490.0,3,112350.0,830.0
2025-06-20 14:05:00,7495.0,7495.0,7490.0,7490.0,3,112375.0,833.0
2025-06-20 14:10:00,7480.0,7490.0,7480.0,7490.0,2,74850.0,834.0
2025-06-20 14:15:00,7485.0,7485.0,7485.0,7485.0,1,37425.0,835.0
2025-06-20 14:20:00,7480.0,7480.0,7480.0,7480.0,1,37400.0,835.0
2025-06-20 14:25:00,7460.0,7475.0,7450.0,7450.0,3,111925.0,835.0
2025-06-20 14:40:00,7485.0,7485.0,7485.0,7485.0,1,37425.0,835.0
2025-06-23 09:05:00,7490.0,7490.0,7490.0,7490.0,3,112350.0,833.0
2025-06-23 09:30:00,7520.0,7520.0,7520.0,7520.0,30,1128000.0,858.0
2025-06-23 09:40:00,7500.0,7500.0,7500.0,7500.0,1,37500.0,858.0
2025-06-23 10:00:00,7515.0,7515.0,7515.0,7515.0,1,37575.0,857.0
2025-06-23 10:30:00,7525.0,7525.0,7520.0,7520.0,6,225725.0,856.0
2025-06-23 10:35:00,7530.0,7530.0,7530.0,7530.0,1,37650.0,855.0
2025-06-23 11:10:00,7505.0,7505.0,7505.0,7505.0,1,37525.0,854.0
2025-06-23 13:30:00,7510.0,7510.0,7490.0,7490.0,3,112550.0,854.0
2025-06-23 13:45:00,7540.0,7540.0,7525.0,7530.0,5,188275.0,856.0
2025-06-23 14:00:00,7540.0,7540.0,7535.0,7535.0,3,113050.0,858.0
2025-06-23 14:15:00,7530.0,7530.0,7530.0,7530.0,1,37650.0,859.0
2025-06-23 14:40:00,7530.0,7540.0,7530.0,7530.0,3,113000.0,860.0
2025-06-23 14:45:00,7520.0,7520.0,7515.0,7520.0,4,150375.0,859.0
2025-06-23 14:55:00,7520.0,7520.0,7520.0,7520.0,2,75200.0,859.0
2025-06-24 09:00:00,7480.0,7480.0,7480.0,7480.0,1,37400.0,860.0
2025-06-24 09:05:00,7490.0,7510.0,7490.0,7510.0,5,187450.0,859.0
2025-06-24 09:35:00,7575.0,7645.0,7575.0,7645.0,4,151700.0,858.0
2025-06-24 09:40:00,7535.0,7535.0,7520.0,7520.0,3,112875.0,858.0
2025-06-24 10:00:00,7515.0,7515.0,7515.0,7515.0,1,37575.0,859.0
2025-06-24 10:30:00,7555.0,7555.0,7555.0,7555.0,1,37775.0,860.0
2025-06-24 10:35:00,7550.0,7550.0,7550.0,7550.0,1,37750.0,860.0
2025-06-24 10:40:00,7555.0,7560.0,7555.0,7560.0,2,75575.0,860.0
2025-06-24 11:05:00,7550.0,7550.0,7550.0,7550.0,5,188750.0,860.0
2025-06-24 13:30:00,7530.0,7535.0,7530.0,7530.0,6,225925.0,858.0
2025-06-24 13:35:00,7600.0,7600.0,7600.0,7600.0,1,38000.0,859.0
2025-06-24 13:40:00,7615.0,7615.0,7615.0,7615.0,13,494975.0,858.0
2025-06-24 13:45:00,7605.0,7605.0,7590.0,7590.0,6,228075.0,862.0
2025-06-24 14:05:00,7570.0,7570.0,7570.0,7570.0,1,37850.0,862.0
2025-06-24 14:10:00,7575.0,7575.0,7575.0,7575.0,2,75750.0,860.0
2025-06-24 14:20:00,7585.0,7590.0,7585.0,7590.0,5,189650.0,859.0
2025-06-24 14:30:00,7550.0,7575.0,7550.0,7575.0,2,75625.0,859.0
2025-06-24 14:35:00,7565.0,7565.0,7565.0,7565.0,1,37825.0,859.0
2025-06-24 14:40:00,7580.0,7580.0,7575.0,7575.0,2,75775.0,859.0
2025-06-24 14:45:00,7570.0,7570.0,7570.0,7570.0,11,416350.0,860.0
2025-06-24 14:55:00,7580.0,7580.0,7565.0,7570.0,11,416650.0,859.0
2025-06-25 09:00:00,7630.0,7630.0,7625.0,7625.0,2,76275.0,857.0
2025-06-25 09:05:00,7620.0,7625.0,7615.0,7615.0,6,228550.0,856.0
2025-06-25 09:30:00,7640.0,7640.0,7635.0,7635.0,4,152725.0,856.0
2025-06-25 10:05:00,7630.0,7630.0,7630.0,7630.0,1,38150.0,856.0
2025-06-25 10:40:00,7625.0,7625.0,7625.0,7625.0,2,76250.0,854.0
2025-06-25 11:05:00,7650.0,7650.0,7650.0,7650.0,1,38250.0,854.0
2025-06-25 11:10:00,7655.0,7655.0,7655.0,7655.0,1,38275.0,854.0
2025-06-25 11:15:00,7650.0,7650.0,7650.0,7650.0,6,229500.0,860.0
2025-06-25 11:20:00,7650.0,7650.0,7650.0,7650.0,1,38250.0,860.0
2025-06-25 11:25:00,7665.0,7665.0,7650.0,7650.0,2,76575.0,861.0
2025-06-25 13:55:00,7650.0,7665.0,7650.0,7665.0,2,76575.0,860.0
2025-06-25 14:00:00,7665.0,7665.0,7665.0,7665.0,1,38325.0,859.0
2025-06-25 14:05:00,7680.0,7680.0,7680.0,7680.0,1,38400.0,859.0
2025-06-25 14:20:00,7680.0,7680.0,7680.0,7680.0,3,115200.0,859.0
2025-06-25 14:25:00,7675.0,7685.0,7675.0,7685.0,18,691150.0,860.0
2025-06-25 14:50:00,7665.0,7665.0,7665.0,7665.0,1,38325.0,860.0
2025-06-25 14:55:00,7695.0,7695.0,7695.0,7695.0,1,38475.0,860.0
2025-06-26 09:00:00,7785.0,7785.0,7710.0,7740.0,11,426850.0,857.0
2025-06-26 09:05:00,7770.0,7790.0,7770.0,7785.0,5,194575.0,858.0
2025-06-26 09:10:00,7790.0,7820.0,7790.0,7820.0,3,117125.0,858.0
2025-06-26 09:15:00,7810.0,7810.0,7785.0,7785.0,4,155925.0,859.0
2025-06-26 09:20:00,7770.0,7820.0,7765.0,7820.0,5,194625.0,859.0
2025-06-26 09:25:00,7815.0,7835.0,7815.0,7820.0,5,195650.0,860.0
2025-06-26 09:30:00,7850.0,7855.0,7850.0,7855.0,2,78525.0,860.0
2025-06-26 09:35:00,7870.0,7870.0,7850.0,7850.0,3,117850.0,861.0
2025-06-26 09:40:00,7870.0,7875.0,7840.0,7840.0,21,823675.0,859.0
2025-06-26 09:45:00,7840.0,7880.0,7840.0,7860.0,18,707575.0,861.0
2025-06-26 09:50:00,7870.0,7870.0,7870.0,7870.0,1,39350.0,861.0
2025-06-26 09:55:00,7850.0,7855.0,7835.0,7835.0,6,235425.0,860.0
2025-06-26 10:00:00,7855.0,7860.0,7855.0,7860.0,3,117850.0,860.0
2025-06-26 10:45:00,7830.0,7830.0,7830.0,7830.0,1,39150.0,861.0
2025-06-26 10:50:00,7815.0,7815.0,7815.0,7815.0,2,78150.0,860.0
2025-06-26 10:55:00,7810.0,7810.0,7810.0,7810.0,1,39050.0,859.0
2025-06-26 11:05:00,7805.0,7805.0,7790.0,7790.0,4,156000.0,858.0
2025-06-26 11:10:00,7795.0,7795.0,7795.0,7795.0,1,38975.0,857.0
2025-06-26 11:20:00,7805.0,7805.0,7780.0,7780.0,17,661775.0,848.0
2025-06-26 11:25:00,7780.0,7790.0,7780.0,7790.0,12,467000.0,849.0
2025-06-26 13:30:00,7810.0,7825.0,7810.0,7825.0,5,195350.0,851.0
2025-06-26 13:35:00,7810.0,7810.0,7810.0,7810.0,2,78100.0,850.0
2025-06-26 13:40:00,7800.0,7800.0,7800.0,7800.0,4,156000.0,852.0
2025-06-26 13:45:00,7805.0,7805.0,7805.0,7805.0,1,39025.0,853.0
2025-06-26 13:50:00,7800.0,7805.0,7800.0,7800.0,3,117025.0,853.0
2025-06-26 14:00:00,7785.0,7785.0,7785.0,7785.0,2,77850.0,852.0
2025-06-26 14:20:00,7805.0,7805.0,7805.0,7805.0,1,39025.0,853.0
2025-06-26 14:25:00,7805.0,7805.0,7805.0,7805.0,1,39025.0,852.0
2025-06-26 14:35:00,7825.0,7825.0,7825.0,7825.0,2,78250.0,854.0
2025-06-26 14:45:00,7830.0,7835.0,7830.0,7830.0,3,117475.0,854.0
2025-06-27 09:00:00,7885.0,7950.0,7885.0,7950.0,10,396200.0,855.0
2025-06-27 09:05:00,7950.0,7955.0,7925.0,7925.0,9,357050.0,860.0
2025-06-27 09:10:00,7900.0,7900.0,7900.0,7900.0,2,79000.0,859.0
2025-06-27 09:15:00,7935.0,7935.0,7935.0,7935.0,1,39675.0,859.0
2025-06-27 09:25:00,7890.0,7890.0,7880.0,7880.0,11,433850.0,863.0
2025-06-27 09:30:00,7880.0,7880.0,7880.0,7880.0,1,39400.0,864.0
2025-06-27 09:40:00,7880.0,7880.0,7880.0,7880.0,6,236475.0,867.0
2025-06-27 10:00:00,7885.0,7885.0,7870.0,7870.0,3,118150.0,866.0
2025-06-27 10:30:00,7885.0,7885.0,7885.0,7885.0,4,157700.0,867.0
2025-06-27 10:40:00,7870.0,7870.0,7870.0,7870.0,2,78700.0,865.0
2025-06-27 11:15:00,7860.0,7865.0,7860.0,7865.0,2,78625.0,865.0
2025-06-27 11:20:00,7865.0,7865.0,7865.0,7865.0,1,39325.0,865.0
2025-06-27 11:25:00,7875.0,7875.0,7875.0,7875.0,1,39375.0,865.0
2025-06-27 13:30:00,7880.0,7890.0,7880.0,7890.0,2,78850.0,866.0
2025-06-27 13:35:00,7880.0,7880.0,7880.0,7880.0,1,39400.0,866.0
2025-06-27 13:50:00,7865.0,7865.0,7865.0,7865.0,4,157300.0,866.0
2025-06-27 14:05:00,7885.0,7885.0,7885.0,7885.0,3,118275.0,865.0
2025-06-27 14:20:00,7925.0,7935.0,7925.0,7935.0,25,991650.0,877.0
2025-06-27 14:25:00,7940.0,7940.0,7940.0,7940.0,1,39700.0,876.0
2025-06-27 14:30:00,7950.0,7960.0,7950.0,7960.0,2,79550.0,874.0
2025-06-27 14:35:00,7960.0,7960.0,7960.0,7960.0,2,79600.0,873.0
2025-06-27 14:40:00,7985.0,7985.0,7970.0,7980.0,6,239400.0,874.0
2025-06-27 14:45:00,7995.0,8035.0,7990.0,8035.0,19,760625.0,879.0
2025-06-27 14:50:00,8030.0,8040.0,8025.0,8025.0,10,401675.0,878.0
2025-06-27 14:55:00,8040.0,8085.0,8030.0,8045.0,32,1287775.0,872.0
2025-06-30 09:00:00,8125.0,8235.0,8125.0,8235.0,51,2082950.0,894.0
2025-06-30 09:05:00,8225.0,8225.0,8155.0,8155.0,2,81900.0,894.0
2025-06-30 09:10:00,8140.0,8160.0,8140.0,8155.0,3,122275.0,894.0
2025-06-30 09:20:00,8160.0,8165.0,8150.0,8165.0,3,122375.0,895.0
2025-06-30 09:25:00,8130.0,8185.0,8130.0,8185.0,10,408225.0,892.0
2025-06-30 09:35:00,8185.0,8245.0,8185.0,8215.0,14,574225.0,888.0
2025-06-30 09:40:00,8210.0,8235.0,8205.0,8235.0,6,246650.0,885.0
2025-06-30 09:45:00,8210.0,8210.0,8210.0,8210.0,1,41050.0,885.0
2025-06-30 10:35:00,8145.0,8145.0,8145.0,8145.0,1,40725.0,884.0
2025-06-30 10:40:00,8145.0,8145.0,8145.0,8145.0,3,122175.0,883.0
2025-06-30 10:50:00,8165.0,8175.0,8145.0,8175.0,11,449225.0,892.0
2025-06-30 11:10:00,8175.0,8175.0,8175.0,8175.0,1,40875.0,893.0
2025-06-30 13:30:00,8225.0,8225.0,8205.0,8205.0,2,82150.0,893.0
2025-06-30 13:35:00,8220.0,8240.0,8220.0,8240.0,19,781975.0,881.0
2025-06-30 13:40:00,8240.0,8285.0,8240.0,8265.0,5,206375.0,880.0
2025-06-30 13:45:00,8275.0,8275.0,8275.0,8275.0,60,2482500.0,935.0
2025-06-30 13:55:00,8275.0,8280.0,8275.0,8280.0,8,331150.0,933.0
2025-06-30 14:00:00,8285.0,8330.0,8280.0,8330.0,25,1036600.0,919.0
2025-06-30 14:05:00,8315.0,8320.0,8315.0,8320.0,2,83175.0,919.0
2025-06-30 14:10:00,8335.0,8335.0,8335.0,8335.0,1,41675.0,919.0
2025-06-30 14:15:00,8360.0,8360.0,8310.0,8310.0,3,124900.0,918.0
2025-06-30 14:20:00,8280.0,8310.0,8280.0,8310.0,7,290325.0,917.0
2025-06-30 14:25:00,8265.0,8305.0,8265.0,8305.0,2,82850.0,917.0
2025-06-30 14:35:00,8270.0,8270.0,8270.0,8270.0,1,41350.0,916.0
2025-06-30 14:50:00,8180.0,8205.0,8155.0,8155.0,5,204575.0,915.0
2025-06-30 14:55:00,8180.0,8180.0,8180.0,8180.0,5,204500.0,920.0
